id,priority,domain,capability,control,target,requirement,shard,capability_id,control_id
BQ-0001,P0,"01. Initialization, Precedence & Agent Control",Authoritative-entry verification,Contract,README.md / INITIALIZE.md,Verify the exact authoritative load point before any other pack instruction is used and reject stale alternate entry points.,controls/01-initialization-precedence-and-agent-control.md,controls.capability.authoritative-entry-verification,control.bq-0001
BQ-0002,P0,"01. Initialization, Precedence & Agent Control",Authoritative-entry verification,Procedure,README.md / INITIALIZE.md,Verify the exact authoritative load point before any other pack instruction is used and reject stale alternate entry points.,controls/01-initialization-precedence-and-agent-control.md,controls.capability.authoritative-entry-verification,control.bq-0002
BQ-0003,P0,"01. Initialization, Precedence & Agent Control",Authoritative-entry verification,Evidence Gate,README.md / INITIALIZE.md,Verify the exact authoritative load point before any other pack instruction is used and reject stale alternate entry points.,controls/01-initialization-precedence-and-agent-control.md,controls.capability.authoritative-entry-verification,control.bq-0003
BQ-0004,P0,"01. Initialization, Precedence & Agent Control",Authoritative-entry verification,Recovery,README.md / INITIALIZE.md,Verify the exact authoritative load point before any other pack instruction is used and reject stale alternate entry points.,controls/01-initialization-precedence-and-agent-control.md,controls.capability.authoritative-entry-verification,control.bq-0004
BQ-0005,P0,"01. Initialization, Precedence & Agent Control",Authoritative-entry verification,Regression,README.md / INITIALIZE.md,Verify the exact authoritative load point before any other pack instruction is used and reject stale alternate entry points.,controls/01-initialization-precedence-and-agent-control.md,controls.capability.authoritative-entry-verification,control.bq-0005
BQ-0006,P0,"01. Initialization, Precedence & Agent Control",Instruction-precedence ledger,Contract,README.md,"Record applicable system, user, project, pack, module, and task instructions in precedence order before execution.",controls/01-initialization-precedence-and-agent-control.md,controls.capability.instruction-precedence-ledger,control.bq-0006
BQ-0007,P0,"01. Initialization, Precedence & Agent Control",Instruction-precedence ledger,Procedure,README.md,"Record applicable system, user, project, pack, module, and task instructions in precedence order before execution.",controls/01-initialization-precedence-and-agent-control.md,controls.capability.instruction-precedence-ledger,control.bq-0007
BQ-0008,P0,"01. Initialization, Precedence & Agent Control",Instruction-precedence ledger,Evidence Gate,README.md,"Record applicable system, user, project, pack, module, and task instructions in precedence order before execution.",controls/01-initialization-precedence-and-agent-control.md,controls.capability.instruction-precedence-ledger,control.bq-0008
BQ-0009,P0,"01. Initialization, Precedence & Agent Control",Instruction-precedence ledger,Recovery,README.md,"Record applicable system, user, project, pack, module, and task instructions in precedence order before execution.",controls/01-initialization-precedence-and-agent-control.md,controls.capability.instruction-precedence-ledger,control.bq-0009
BQ-0010,P0,"01. Initialization, Precedence & Agent Control",Instruction-precedence ledger,Regression,README.md,"Record applicable system, user, project, pack, module, and task instructions in precedence order before execution.",controls/01-initialization-precedence-and-agent-control.md,controls.capability.instruction-precedence-ledger,control.bq-0010
BQ-0011,P0,"01. Initialization, Precedence & Agent Control",Initialization completion state,Contract,INITIALIZE.md / README.md,Persist which initialization steps actually completed so later turns do not silently assume unresolved state.,controls/01-initialization-precedence-and-agent-control.md,controls.capability.initialization-completion-state,control.bq-0011
BQ-0012,P0,"01. Initialization, Precedence & Agent Control",Initialization completion state,Procedure,INITIALIZE.md / README.md,Persist which initialization steps actually completed so later turns do not silently assume unresolved state.,controls/01-initialization-precedence-and-agent-control.md,controls.capability.initialization-completion-state,control.bq-0012
BQ-0013,P0,"01. Initialization, Precedence & Agent Control",Initialization completion state,Evidence Gate,INITIALIZE.md / README.md,Persist which initialization steps actually completed so later turns do not silently assume unresolved state.,controls/01-initialization-precedence-and-agent-control.md,controls.capability.initialization-completion-state,control.bq-0013
BQ-0014,P0,"01. Initialization, Precedence & Agent Control",Initialization completion state,Recovery,INITIALIZE.md / README.md,Persist which initialization steps actually completed so later turns do not silently assume unresolved state.,controls/01-initialization-precedence-and-agent-control.md,controls.capability.initialization-completion-state,control.bq-0014
BQ-0015,P0,"01. Initialization, Precedence & Agent Control",Initialization completion state,Regression,INITIALIZE.md / README.md,Persist which initialization steps actually completed so later turns do not silently assume unresolved state.,controls/01-initialization-precedence-and-agent-control.md,controls.capability.initialization-completion-state,control.bq-0015
BQ-0016,P1,"01. Initialization, Precedence & Agent Control",Lazy-load budget,Contract,README.md / MANIFEST.md,Limit retrieval to the smallest required sections and justify every additional module loaded into context.,controls/01-initialization-precedence-and-agent-control.md,controls.capability.lazy-load-budget,control.bq-0016
BQ-0017,P1,"01. Initialization, Precedence & Agent Control",Lazy-load budget,Procedure,README.md / MANIFEST.md,Limit retrieval to the smallest required sections and justify every additional module loaded into context.,controls/01-initialization-precedence-and-agent-control.md,controls.capability.lazy-load-budget,control.bq-0017
BQ-0018,P1,"01. Initialization, Precedence & Agent Control",Lazy-load budget,Evidence Gate,README.md / MANIFEST.md,Limit retrieval to the smallest required sections and justify every additional module loaded into context.,controls/01-initialization-precedence-and-agent-control.md,controls.capability.lazy-load-budget,control.bq-0018
BQ-0019,P1,"01. Initialization, Precedence & Agent Control",Lazy-load budget,Recovery,README.md / MANIFEST.md,Limit retrieval to the smallest required sections and justify every additional module loaded into context.,controls/01-initialization-precedence-and-agent-control.md,controls.capability.lazy-load-budget,control.bq-0019
BQ-0020,P1,"01. Initialization, Precedence & Agent Control",Lazy-load budget,Regression,README.md / MANIFEST.md,Limit retrieval to the smallest required sections and justify every additional module loaded into context.,controls/01-initialization-precedence-and-agent-control.md,controls.capability.lazy-load-budget,control.bq-0020
BQ-0021,P0,"01. Initialization, Precedence & Agent Control",Conflict detection,Contract,README.md,Detect contradictory pack rules before execution and resolve them using a documented deterministic precedence rule.,controls/01-initialization-precedence-and-agent-control.md,controls.capability.conflict-detection,control.bq-0021
BQ-0022,P0,"01. Initialization, Precedence & Agent Control",Conflict detection,Procedure,README.md,Detect contradictory pack rules before execution and resolve them using a documented deterministic precedence rule.,controls/01-initialization-precedence-and-agent-control.md,controls.capability.conflict-detection,control.bq-0022
BQ-0023,P0,"01. Initialization, Precedence & Agent Control",Conflict detection,Evidence Gate,README.md,Detect contradictory pack rules before execution and resolve them using a documented deterministic precedence rule.,controls/01-initialization-precedence-and-agent-control.md,controls.capability.conflict-detection,control.bq-0023
BQ-0024,P0,"01. Initialization, Precedence & Agent Control",Conflict detection,Recovery,README.md,Detect contradictory pack rules before execution and resolve them using a documented deterministic precedence rule.,controls/01-initialization-precedence-and-agent-control.md,controls.capability.conflict-detection,control.bq-0024
BQ-0025,P0,"01. Initialization, Precedence & Agent Control",Conflict detection,Regression,README.md,Detect contradictory pack rules before execution and resolve them using a documented deterministic precedence rule.,controls/01-initialization-precedence-and-agent-control.md,controls.capability.conflict-detection,control.bq-0025
BQ-0026,P0,"01. Initialization, Precedence & Agent Control",Mode persistence,Contract,README.md,"Persist delivery mode, asset policy, project profile, and quality target across follow-up turns until explicitly changed.",controls/01-initialization-precedence-and-agent-control.md,controls.capability.mode-persistence,control.bq-0026
BQ-0027,P0,"01. Initialization, Precedence & Agent Control",Mode persistence,Procedure,README.md,"Persist delivery mode, asset policy, project profile, and quality target across follow-up turns until explicitly changed.",controls/01-initialization-precedence-and-agent-control.md,controls.capability.mode-persistence,control.bq-0027
BQ-0028,P0,"01. Initialization, Precedence & Agent Control",Mode persistence,Evidence Gate,README.md,"Persist delivery mode, asset policy, project profile, and quality target across follow-up turns until explicitly changed.",controls/01-initialization-precedence-and-agent-control.md,controls.capability.mode-persistence,control.bq-0028
BQ-0029,P0,"01. Initialization, Precedence & Agent Control",Mode persistence,Recovery,README.md,"Persist delivery mode, asset policy, project profile, and quality target across follow-up turns until explicitly changed.",controls/01-initialization-precedence-and-agent-control.md,controls.capability.mode-persistence,control.bq-0029
BQ-0030,P0,"01. Initialization, Precedence & Agent Control",Mode persistence,Regression,README.md,"Persist delivery mode, asset policy, project profile, and quality target across follow-up turns until explicitly changed.",controls/01-initialization-precedence-and-agent-control.md,controls.capability.mode-persistence,control.bq-0030
BQ-0031,P0,"01. Initialization, Precedence & Agent Control",Silent-downgrade prevention,Contract,README.md / QA_GATES.md,"Block implicit changes from production to prototype, sample, mockup, partial output, or representative subset.",controls/01-initialization-precedence-and-agent-control.md,controls.capability.silent-downgrade-prevention,control.bq-0031
BQ-0032,P0,"01. Initialization, Precedence & Agent Control",Silent-downgrade prevention,Procedure,README.md / QA_GATES.md,"Block implicit changes from production to prototype, sample, mockup, partial output, or representative subset.",controls/01-initialization-precedence-and-agent-control.md,controls.capability.silent-downgrade-prevention,control.bq-0032
BQ-0033,P0,"01. Initialization, Precedence & Agent Control",Silent-downgrade prevention,Evidence Gate,README.md / QA_GATES.md,"Block implicit changes from production to prototype, sample, mockup, partial output, or representative subset.",controls/01-initialization-precedence-and-agent-control.md,controls.capability.silent-downgrade-prevention,control.bq-0033
BQ-0034,P0,"01. Initialization, Precedence & Agent Control",Silent-downgrade prevention,Recovery,README.md / QA_GATES.md,"Block implicit changes from production to prototype, sample, mockup, partial output, or representative subset.",controls/01-initialization-precedence-and-agent-control.md,controls.capability.silent-downgrade-prevention,control.bq-0034
BQ-0035,P0,"01. Initialization, Precedence & Agent Control",Silent-downgrade prevention,Regression,README.md / QA_GATES.md,"Block implicit changes from production to prototype, sample, mockup, partial output, or representative subset.",controls/01-initialization-precedence-and-agent-control.md,controls.capability.silent-downgrade-prevention,control.bq-0035
BQ-0036,P1,"01. Initialization, Precedence & Agent Control",Execution-state handoff,Contract,README.md,Maintain a compact internal decision state so long tasks and follow-up turns continue from resolved choices instead of reclassifying randomly.,controls/01-initialization-precedence-and-agent-control.md,controls.capability.execution-state-handoff,control.bq-0036
BQ-0037,P1,"01. Initialization, Precedence & Agent Control",Execution-state handoff,Procedure,README.md,Maintain a compact internal decision state so long tasks and follow-up turns continue from resolved choices instead of reclassifying randomly.,controls/01-initialization-precedence-and-agent-control.md,controls.capability.execution-state-handoff,control.bq-0037
BQ-0038,P1,"01. Initialization, Precedence & Agent Control",Execution-state handoff,Evidence Gate,README.md,Maintain a compact internal decision state so long tasks and follow-up turns continue from resolved choices instead of reclassifying randomly.,controls/01-initialization-precedence-and-agent-control.md,controls.capability.execution-state-handoff,control.bq-0038
BQ-0039,P1,"01. Initialization, Precedence & Agent Control",Execution-state handoff,Recovery,README.md,Maintain a compact internal decision state so long tasks and follow-up turns continue from resolved choices instead of reclassifying randomly.,controls/01-initialization-precedence-and-agent-control.md,controls.capability.execution-state-handoff,control.bq-0039
BQ-0040,P1,"01. Initialization, Precedence & Agent Control",Execution-state handoff,Regression,README.md,Maintain a compact internal decision state so long tasks and follow-up turns continue from resolved choices instead of reclassifying randomly.,controls/01-initialization-precedence-and-agent-control.md,controls.capability.execution-state-handoff,control.bq-0040
BQ-0041,P0,02. Project Intake & Requirement Resolution,Requirement completeness model,Contract,PROJECT_TEMPLATE.md / README.md,"Separate known requirements, inferred requirements, unknown facts, optional preferences, and hard constraints before creation begins.",controls/02-project-intake-and-requirement-resolution.md,controls.capability.requirement-completeness-model,control.bq-0041
BQ-0042,P0,02. Project Intake & Requirement Resolution,Requirement completeness model,Procedure,PROJECT_TEMPLATE.md / README.md,"Separate known requirements, inferred requirements, unknown facts, optional preferences, and hard constraints before creation begins.",controls/02-project-intake-and-requirement-resolution.md,controls.capability.requirement-completeness-model,control.bq-0042
BQ-0043,P0,02. Project Intake & Requirement Resolution,Requirement completeness model,Evidence Gate,PROJECT_TEMPLATE.md / README.md,"Separate known requirements, inferred requirements, unknown facts, optional preferences, and hard constraints before creation begins.",controls/02-project-intake-and-requirement-resolution.md,controls.capability.requirement-completeness-model,control.bq-0043
BQ-0044,P0,02. Project Intake & Requirement Resolution,Requirement completeness model,Recovery,PROJECT_TEMPLATE.md / README.md,"Separate known requirements, inferred requirements, unknown facts, optional preferences, and hard constraints before creation begins.",controls/02-project-intake-and-requirement-resolution.md,controls.capability.requirement-completeness-model,control.bq-0044
BQ-0045,P0,02. Project Intake & Requirement Resolution,Requirement completeness model,Regression,PROJECT_TEMPLATE.md / README.md,"Separate known requirements, inferred requirements, unknown facts, optional preferences, and hard constraints before creation begins.",controls/02-project-intake-and-requirement-resolution.md,controls.capability.requirement-completeness-model,control.bq-0045
BQ-0046,P0,02. Project Intake & Requirement Resolution,Unknown-fact policy,Contract,PROJECT_TEMPLATE.md / TERMINOLOGY.md,"Prevent invented business facts, credentials, addresses, prices, testimonials, guarantees, or operational claims.",controls/02-project-intake-and-requirement-resolution.md,controls.capability.unknown-fact-policy,control.bq-0046
BQ-0047,P0,02. Project Intake & Requirement Resolution,Unknown-fact policy,Procedure,PROJECT_TEMPLATE.md / TERMINOLOGY.md,"Prevent invented business facts, credentials, addresses, prices, testimonials, guarantees, or operational claims.",controls/02-project-intake-and-requirement-resolution.md,controls.capability.unknown-fact-policy,control.bq-0047
BQ-0048,P0,02. Project Intake & Requirement Resolution,Unknown-fact policy,Evidence Gate,PROJECT_TEMPLATE.md / TERMINOLOGY.md,"Prevent invented business facts, credentials, addresses, prices, testimonials, guarantees, or operational claims.",controls/02-project-intake-and-requirement-resolution.md,controls.capability.unknown-fact-policy,control.bq-0048
BQ-0049,P0,02. Project Intake & Requirement Resolution,Unknown-fact policy,Recovery,PROJECT_TEMPLATE.md / TERMINOLOGY.md,"Prevent invented business facts, credentials, addresses, prices, testimonials, guarantees, or operational claims.",controls/02-project-intake-and-requirement-resolution.md,controls.capability.unknown-fact-policy,control.bq-0049
BQ-0050,P0,02. Project Intake & Requirement Resolution,Unknown-fact policy,Regression,PROJECT_TEMPLATE.md / TERMINOLOGY.md,"Prevent invented business facts, credentials, addresses, prices, testimonials, guarantees, or operational claims.",controls/02-project-intake-and-requirement-resolution.md,controls.capability.unknown-fact-policy,control.bq-0050
BQ-0051,P1,02. Project Intake & Requirement Resolution,Constraint normalization,Contract,PROJECT_TEMPLATE.md,"Normalize free-form user constraints into explicit technical, visual, legal, content, asset, and delivery constraints.",controls/02-project-intake-and-requirement-resolution.md,controls.capability.constraint-normalization,control.bq-0051
BQ-0052,P1,02. Project Intake & Requirement Resolution,Constraint normalization,Procedure,PROJECT_TEMPLATE.md,"Normalize free-form user constraints into explicit technical, visual, legal, content, asset, and delivery constraints.",controls/02-project-intake-and-requirement-resolution.md,controls.capability.constraint-normalization,control.bq-0052
BQ-0053,P1,02. Project Intake & Requirement Resolution,Constraint normalization,Evidence Gate,PROJECT_TEMPLATE.md,"Normalize free-form user constraints into explicit technical, visual, legal, content, asset, and delivery constraints.",controls/02-project-intake-and-requirement-resolution.md,controls.capability.constraint-normalization,control.bq-0053
BQ-0054,P1,02. Project Intake & Requirement Resolution,Constraint normalization,Recovery,PROJECT_TEMPLATE.md,"Normalize free-form user constraints into explicit technical, visual, legal, content, asset, and delivery constraints.",controls/02-project-intake-and-requirement-resolution.md,controls.capability.constraint-normalization,control.bq-0054
BQ-0055,P1,02. Project Intake & Requirement Resolution,Constraint normalization,Regression,PROJECT_TEMPLATE.md,"Normalize free-form user constraints into explicit technical, visual, legal, content, asset, and delivery constraints.",controls/02-project-intake-and-requirement-resolution.md,controls.capability.constraint-normalization,control.bq-0055
BQ-0056,P0,02. Project Intake & Requirement Resolution,Goal hierarchy,Contract,PROJECT_TEMPLATE.md,"Rank primary business goal, primary user goal, secondary goals, and non-goals so design tradeoffs have a stable decision basis.",controls/02-project-intake-and-requirement-resolution.md,controls.capability.goal-hierarchy,control.bq-0056
BQ-0057,P0,02. Project Intake & Requirement Resolution,Goal hierarchy,Procedure,PROJECT_TEMPLATE.md,"Rank primary business goal, primary user goal, secondary goals, and non-goals so design tradeoffs have a stable decision basis.",controls/02-project-intake-and-requirement-resolution.md,controls.capability.goal-hierarchy,control.bq-0057
BQ-0058,P0,02. Project Intake & Requirement Resolution,Goal hierarchy,Evidence Gate,PROJECT_TEMPLATE.md,"Rank primary business goal, primary user goal, secondary goals, and non-goals so design tradeoffs have a stable decision basis.",controls/02-project-intake-and-requirement-resolution.md,controls.capability.goal-hierarchy,control.bq-0058
BQ-0059,P0,02. Project Intake & Requirement Resolution,Goal hierarchy,Recovery,PROJECT_TEMPLATE.md,"Rank primary business goal, primary user goal, secondary goals, and non-goals so design tradeoffs have a stable decision basis.",controls/02-project-intake-and-requirement-resolution.md,controls.capability.goal-hierarchy,control.bq-0059
BQ-0060,P0,02. Project Intake & Requirement Resolution,Goal hierarchy,Regression,PROJECT_TEMPLATE.md,"Rank primary business goal, primary user goal, secondary goals, and non-goals so design tradeoffs have a stable decision basis.",controls/02-project-intake-and-requirement-resolution.md,controls.capability.goal-hierarchy,control.bq-0060
BQ-0061,P0,02. Project Intake & Requirement Resolution,Audience resolution,Contract,PROJECT_TEMPLATE.md / PROFILE_MATRIX.md,"Resolve primary audience, secondary audience, buyer-user differences, sophistication, urgency, and trust needs.",controls/02-project-intake-and-requirement-resolution.md,controls.capability.audience-resolution,control.bq-0061
BQ-0062,P0,02. Project Intake & Requirement Resolution,Audience resolution,Procedure,PROJECT_TEMPLATE.md / PROFILE_MATRIX.md,"Resolve primary audience, secondary audience, buyer-user differences, sophistication, urgency, and trust needs.",controls/02-project-intake-and-requirement-resolution.md,controls.capability.audience-resolution,control.bq-0062
BQ-0063,P0,02. Project Intake & Requirement Resolution,Audience resolution,Evidence Gate,PROJECT_TEMPLATE.md / PROFILE_MATRIX.md,"Resolve primary audience, secondary audience, buyer-user differences, sophistication, urgency, and trust needs.",controls/02-project-intake-and-requirement-resolution.md,controls.capability.audience-resolution,control.bq-0063
BQ-0064,P0,02. Project Intake & Requirement Resolution,Audience resolution,Recovery,PROJECT_TEMPLATE.md / PROFILE_MATRIX.md,"Resolve primary audience, secondary audience, buyer-user differences, sophistication, urgency, and trust needs.",controls/02-project-intake-and-requirement-resolution.md,controls.capability.audience-resolution,control.bq-0064
BQ-0065,P0,02. Project Intake & Requirement Resolution,Audience resolution,Regression,PROJECT_TEMPLATE.md / PROFILE_MATRIX.md,"Resolve primary audience, secondary audience, buyer-user differences, sophistication, urgency, and trust needs.",controls/02-project-intake-and-requirement-resolution.md,controls.capability.audience-resolution,control.bq-0065
BQ-0066,P0,02. Project Intake & Requirement Resolution,Scope boundary,Contract,PROJECT_TEMPLATE.md / README.md,"Define what must be complete, what is explicitly excluded, and what cannot be fabricated or simulated.",controls/02-project-intake-and-requirement-resolution.md,controls.capability.scope-boundary,control.bq-0066
BQ-0067,P0,02. Project Intake & Requirement Resolution,Scope boundary,Procedure,PROJECT_TEMPLATE.md / README.md,"Define what must be complete, what is explicitly excluded, and what cannot be fabricated or simulated.",controls/02-project-intake-and-requirement-resolution.md,controls.capability.scope-boundary,control.bq-0067
BQ-0068,P0,02. Project Intake & Requirement Resolution,Scope boundary,Evidence Gate,PROJECT_TEMPLATE.md / README.md,"Define what must be complete, what is explicitly excluded, and what cannot be fabricated or simulated.",controls/02-project-intake-and-requirement-resolution.md,controls.capability.scope-boundary,control.bq-0068
BQ-0069,P0,02. Project Intake & Requirement Resolution,Scope boundary,Recovery,PROJECT_TEMPLATE.md / README.md,"Define what must be complete, what is explicitly excluded, and what cannot be fabricated or simulated.",controls/02-project-intake-and-requirement-resolution.md,controls.capability.scope-boundary,control.bq-0069
BQ-0070,P0,02. Project Intake & Requirement Resolution,Scope boundary,Regression,PROJECT_TEMPLATE.md / README.md,"Define what must be complete, what is explicitly excluded, and what cannot be fabricated or simulated.",controls/02-project-intake-and-requirement-resolution.md,controls.capability.scope-boundary,control.bq-0070
BQ-0071,P1,02. Project Intake & Requirement Resolution,Assumption register,Contract,PROJECT_TEMPLATE.md,Record material assumptions with confidence and impact so hidden guesses cannot masquerade as requirements.,controls/02-project-intake-and-requirement-resolution.md,controls.capability.assumption-register,control.bq-0071
BQ-0072,P1,02. Project Intake & Requirement Resolution,Assumption register,Procedure,PROJECT_TEMPLATE.md,Record material assumptions with confidence and impact so hidden guesses cannot masquerade as requirements.,controls/02-project-intake-and-requirement-resolution.md,controls.capability.assumption-register,control.bq-0072
BQ-0073,P1,02. Project Intake & Requirement Resolution,Assumption register,Evidence Gate,PROJECT_TEMPLATE.md,Record material assumptions with confidence and impact so hidden guesses cannot masquerade as requirements.,controls/02-project-intake-and-requirement-resolution.md,controls.capability.assumption-register,control.bq-0073
BQ-0074,P1,02. Project Intake & Requirement Resolution,Assumption register,Recovery,PROJECT_TEMPLATE.md,Record material assumptions with confidence and impact so hidden guesses cannot masquerade as requirements.,controls/02-project-intake-and-requirement-resolution.md,controls.capability.assumption-register,control.bq-0074
BQ-0075,P1,02. Project Intake & Requirement Resolution,Assumption register,Regression,PROJECT_TEMPLATE.md,Record material assumptions with confidence and impact so hidden guesses cannot masquerade as requirements.,controls/02-project-intake-and-requirement-resolution.md,controls.capability.assumption-register,control.bq-0075
BQ-0076,P1,02. Project Intake & Requirement Resolution,Requirement-change propagation,Contract,README.md,"When a user changes one requirement, recompute only dependent decisions and preserve unrelated resolved state.",controls/02-project-intake-and-requirement-resolution.md,controls.capability.requirement-change-propagation,control.bq-0076
BQ-0077,P1,02. Project Intake & Requirement Resolution,Requirement-change propagation,Procedure,README.md,"When a user changes one requirement, recompute only dependent decisions and preserve unrelated resolved state.",controls/02-project-intake-and-requirement-resolution.md,controls.capability.requirement-change-propagation,control.bq-0077
BQ-0078,P1,02. Project Intake & Requirement Resolution,Requirement-change propagation,Evidence Gate,README.md,"When a user changes one requirement, recompute only dependent decisions and preserve unrelated resolved state.",controls/02-project-intake-and-requirement-resolution.md,controls.capability.requirement-change-propagation,control.bq-0078
BQ-0079,P1,02. Project Intake & Requirement Resolution,Requirement-change propagation,Recovery,README.md,"When a user changes one requirement, recompute only dependent decisions and preserve unrelated resolved state.",controls/02-project-intake-and-requirement-resolution.md,controls.capability.requirement-change-propagation,control.bq-0079
BQ-0080,P1,02. Project Intake & Requirement Resolution,Requirement-change propagation,Regression,README.md,"When a user changes one requirement, recompute only dependent decisions and preserve unrelated resolved state.",controls/02-project-intake-and-requirement-resolution.md,controls.capability.requirement-change-propagation,control.bq-0080
BQ-0081,P0,03. Industry Taxonomy & Business-Model Classification,Canonical-industry confidence,Contract,INDUSTRIES.md / README.md,"Score candidate industries by actual business model, customer, revenue motion, operating context, and offering rather than keyword match alone.",controls/03-industry-taxonomy-and-business-model-classification.md,controls.capability.canonical-industry-confidence,control.bq-0081
BQ-0082,P0,03. Industry Taxonomy & Business-Model Classification,Canonical-industry confidence,Procedure,INDUSTRIES.md / README.md,"Score candidate industries by actual business model, customer, revenue motion, operating context, and offering rather than keyword match alone.",controls/03-industry-taxonomy-and-business-model-classification.md,controls.capability.canonical-industry-confidence,control.bq-0082
BQ-0083,P0,03. Industry Taxonomy & Business-Model Classification,Canonical-industry confidence,Evidence Gate,INDUSTRIES.md / README.md,"Score candidate industries by actual business model, customer, revenue motion, operating context, and offering rather than keyword match alone.",controls/03-industry-taxonomy-and-business-model-classification.md,controls.capability.canonical-industry-confidence,control.bq-0083
BQ-0084,P0,03. Industry Taxonomy & Business-Model Classification,Canonical-industry confidence,Recovery,INDUSTRIES.md / README.md,"Score candidate industries by actual business model, customer, revenue motion, operating context, and offering rather than keyword match alone.",controls/03-industry-taxonomy-and-business-model-classification.md,controls.capability.canonical-industry-confidence,control.bq-0084
BQ-0085,P0,03. Industry Taxonomy & Business-Model Classification,Canonical-industry confidence,Regression,INDUSTRIES.md / README.md,"Score candidate industries by actual business model, customer, revenue motion, operating context, and offering rather than keyword match alone.",controls/03-industry-taxonomy-and-business-model-classification.md,controls.capability.canonical-industry-confidence,control.bq-0085
BQ-0086,P0,03. Industry Taxonomy & Business-Model Classification,Duplicate-subindustry disambiguation,Contract,INDUSTRIES.md / PROFILE_MATRIX.md,Resolve duplicate subindustry labels using business model and audience evidence before selecting a parent industry.,controls/03-industry-taxonomy-and-business-model-classification.md,controls.capability.duplicate-subindustry-disambiguation,control.bq-0086
BQ-0087,P0,03. Industry Taxonomy & Business-Model Classification,Duplicate-subindustry disambiguation,Procedure,INDUSTRIES.md / PROFILE_MATRIX.md,Resolve duplicate subindustry labels using business model and audience evidence before selecting a parent industry.,controls/03-industry-taxonomy-and-business-model-classification.md,controls.capability.duplicate-subindustry-disambiguation,control.bq-0087
BQ-0088,P0,03. Industry Taxonomy & Business-Model Classification,Duplicate-subindustry disambiguation,Evidence Gate,INDUSTRIES.md / PROFILE_MATRIX.md,Resolve duplicate subindustry labels using business model and audience evidence before selecting a parent industry.,controls/03-industry-taxonomy-and-business-model-classification.md,controls.capability.duplicate-subindustry-disambiguation,control.bq-0088
BQ-0089,P0,03. Industry Taxonomy & Business-Model Classification,Duplicate-subindustry disambiguation,Recovery,INDUSTRIES.md / PROFILE_MATRIX.md,Resolve duplicate subindustry labels using business model and audience evidence before selecting a parent industry.,controls/03-industry-taxonomy-and-business-model-classification.md,controls.capability.duplicate-subindustry-disambiguation,control.bq-0089
BQ-0090,P0,03. Industry Taxonomy & Business-Model Classification,Duplicate-subindustry disambiguation,Regression,INDUSTRIES.md / PROFILE_MATRIX.md,Resolve duplicate subindustry labels using business model and audience evidence before selecting a parent industry.,controls/03-industry-taxonomy-and-business-model-classification.md,controls.capability.duplicate-subindustry-disambiguation,control.bq-0090
BQ-0091,P1,03. Industry Taxonomy & Business-Model Classification,Multi-industry businesses,Contract,INDUSTRIES.md / PROFILE_MATRIX.md,Support businesses that legitimately span multiple industries without collapsing them into one arbitrary parent.,controls/03-industry-taxonomy-and-business-model-classification.md,controls.capability.multi-industry-businesses,control.bq-0091
BQ-0092,P1,03. Industry Taxonomy & Business-Model Classification,Multi-industry businesses,Procedure,INDUSTRIES.md / PROFILE_MATRIX.md,Support businesses that legitimately span multiple industries without collapsing them into one arbitrary parent.,controls/03-industry-taxonomy-and-business-model-classification.md,controls.capability.multi-industry-businesses,control.bq-0092
BQ-0093,P1,03. Industry Taxonomy & Business-Model Classification,Multi-industry businesses,Evidence Gate,INDUSTRIES.md / PROFILE_MATRIX.md,Support businesses that legitimately span multiple industries without collapsing them into one arbitrary parent.,controls/03-industry-taxonomy-and-business-model-classification.md,controls.capability.multi-industry-businesses,control.bq-0093
BQ-0094,P1,03. Industry Taxonomy & Business-Model Classification,Multi-industry businesses,Recovery,INDUSTRIES.md / PROFILE_MATRIX.md,Support businesses that legitimately span multiple industries without collapsing them into one arbitrary parent.,controls/03-industry-taxonomy-and-business-model-classification.md,controls.capability.multi-industry-businesses,control.bq-0094
BQ-0095,P1,03. Industry Taxonomy & Business-Model Classification,Multi-industry businesses,Regression,INDUSTRIES.md / PROFILE_MATRIX.md,Support businesses that legitimately span multiple industries without collapsing them into one arbitrary parent.,controls/03-industry-taxonomy-and-business-model-classification.md,controls.capability.multi-industry-businesses,control.bq-0095
BQ-0096,P0,03. Industry Taxonomy & Business-Model Classification,Local-service detection,Contract,PROFILE_MATRIX.md,Detect local service businesses explicitly so customer-facing UX does not inherit inappropriate industrial or enterprise presentation patterns.,controls/03-industry-taxonomy-and-business-model-classification.md,controls.capability.local-service-detection,control.bq-0096
BQ-0097,P0,03. Industry Taxonomy & Business-Model Classification,Local-service detection,Procedure,PROFILE_MATRIX.md,Detect local service businesses explicitly so customer-facing UX does not inherit inappropriate industrial or enterprise presentation patterns.,controls/03-industry-taxonomy-and-business-model-classification.md,controls.capability.local-service-detection,control.bq-0097
BQ-0098,P0,03. Industry Taxonomy & Business-Model Classification,Local-service detection,Evidence Gate,PROFILE_MATRIX.md,Detect local service businesses explicitly so customer-facing UX does not inherit inappropriate industrial or enterprise presentation patterns.,controls/03-industry-taxonomy-and-business-model-classification.md,controls.capability.local-service-detection,control.bq-0098
BQ-0099,P0,03. Industry Taxonomy & Business-Model Classification,Local-service detection,Recovery,PROFILE_MATRIX.md,Detect local service businesses explicitly so customer-facing UX does not inherit inappropriate industrial or enterprise presentation patterns.,controls/03-industry-taxonomy-and-business-model-classification.md,controls.capability.local-service-detection,control.bq-0099
BQ-0100,P0,03. Industry Taxonomy & Business-Model Classification,Local-service detection,Regression,PROFILE_MATRIX.md,Detect local service businesses explicitly so customer-facing UX does not inherit inappropriate industrial or enterprise presentation patterns.,controls/03-industry-taxonomy-and-business-model-classification.md,controls.capability.local-service-detection,control.bq-0100
BQ-0101,P0,03. Industry Taxonomy & Business-Model Classification,B2B-vs-B2C distinction,Contract,PROFILE_MATRIX.md,Treat buyer type as an independent classification dimension that can override unsuitable interaction and trust patterns.,controls/03-industry-taxonomy-and-business-model-classification.md,controls.capability.b2b-vs-b2c-distinction,control.bq-0101
BQ-0102,P0,03. Industry Taxonomy & Business-Model Classification,B2B-vs-B2C distinction,Procedure,PROFILE_MATRIX.md,Treat buyer type as an independent classification dimension that can override unsuitable interaction and trust patterns.,controls/03-industry-taxonomy-and-business-model-classification.md,controls.capability.b2b-vs-b2c-distinction,control.bq-0102
BQ-0103,P0,03. Industry Taxonomy & Business-Model Classification,B2B-vs-B2C distinction,Evidence Gate,PROFILE_MATRIX.md,Treat buyer type as an independent classification dimension that can override unsuitable interaction and trust patterns.,controls/03-industry-taxonomy-and-business-model-classification.md,controls.capability.b2b-vs-b2c-distinction,control.bq-0103
BQ-0104,P0,03. Industry Taxonomy & Business-Model Classification,B2B-vs-B2C distinction,Recovery,PROFILE_MATRIX.md,Treat buyer type as an independent classification dimension that can override unsuitable interaction and trust patterns.,controls/03-industry-taxonomy-and-business-model-classification.md,controls.capability.b2b-vs-b2c-distinction,control.bq-0104
BQ-0105,P0,03. Industry Taxonomy & Business-Model Classification,B2B-vs-B2C distinction,Regression,PROFILE_MATRIX.md,Treat buyer type as an independent classification dimension that can override unsuitable interaction and trust patterns.,controls/03-industry-taxonomy-and-business-model-classification.md,controls.capability.b2b-vs-b2c-distinction,control.bq-0105
BQ-0106,P0,03. Industry Taxonomy & Business-Model Classification,Regulated-industry detection,Contract,PROFILE_MATRIX.md / LEGAL.md / SECURITY.md,"Resolve regulated or trust-critical contexts early enough to alter claims, imagery, data handling, and conversion behavior.",controls/03-industry-taxonomy-and-business-model-classification.md,controls.capability.regulated-industry-detection,control.bq-0106
BQ-0107,P0,03. Industry Taxonomy & Business-Model Classification,Regulated-industry detection,Procedure,PROFILE_MATRIX.md / LEGAL.md / SECURITY.md,"Resolve regulated or trust-critical contexts early enough to alter claims, imagery, data handling, and conversion behavior.",controls/03-industry-taxonomy-and-business-model-classification.md,controls.capability.regulated-industry-detection,control.bq-0107
BQ-0108,P0,03. Industry Taxonomy & Business-Model Classification,Regulated-industry detection,Evidence Gate,PROFILE_MATRIX.md / LEGAL.md / SECURITY.md,"Resolve regulated or trust-critical contexts early enough to alter claims, imagery, data handling, and conversion behavior.",controls/03-industry-taxonomy-and-business-model-classification.md,controls.capability.regulated-industry-detection,control.bq-0108
BQ-0109,P0,03. Industry Taxonomy & Business-Model Classification,Regulated-industry detection,Recovery,PROFILE_MATRIX.md / LEGAL.md / SECURITY.md,"Resolve regulated or trust-critical contexts early enough to alter claims, imagery, data handling, and conversion behavior.",controls/03-industry-taxonomy-and-business-model-classification.md,controls.capability.regulated-industry-detection,control.bq-0109
BQ-0110,P0,03. Industry Taxonomy & Business-Model Classification,Regulated-industry detection,Regression,PROFILE_MATRIX.md / LEGAL.md / SECURITY.md,"Resolve regulated or trust-critical contexts early enough to alter claims, imagery, data handling, and conversion behavior.",controls/03-industry-taxonomy-and-business-model-classification.md,controls.capability.regulated-industry-detection,control.bq-0110
BQ-0111,P0,03. Industry Taxonomy & Business-Model Classification,Ambiguous-classification fallback,Contract,README.md / PROFILE_MATRIX.md,"When evidence is insufficient, use a neutral profile and preserve ambiguity rather than making a high-impact arbitrary choice.",controls/03-industry-taxonomy-and-business-model-classification.md,controls.capability.ambiguous-classification-fallback,control.bq-0111
BQ-0112,P0,03. Industry Taxonomy & Business-Model Classification,Ambiguous-classification fallback,Procedure,README.md / PROFILE_MATRIX.md,"When evidence is insufficient, use a neutral profile and preserve ambiguity rather than making a high-impact arbitrary choice.",controls/03-industry-taxonomy-and-business-model-classification.md,controls.capability.ambiguous-classification-fallback,control.bq-0112
BQ-0113,P0,03. Industry Taxonomy & Business-Model Classification,Ambiguous-classification fallback,Evidence Gate,README.md / PROFILE_MATRIX.md,"When evidence is insufficient, use a neutral profile and preserve ambiguity rather than making a high-impact arbitrary choice.",controls/03-industry-taxonomy-and-business-model-classification.md,controls.capability.ambiguous-classification-fallback,control.bq-0113
BQ-0114,P0,03. Industry Taxonomy & Business-Model Classification,Ambiguous-classification fallback,Recovery,README.md / PROFILE_MATRIX.md,"When evidence is insufficient, use a neutral profile and preserve ambiguity rather than making a high-impact arbitrary choice.",controls/03-industry-taxonomy-and-business-model-classification.md,controls.capability.ambiguous-classification-fallback,control.bq-0114
BQ-0115,P0,03. Industry Taxonomy & Business-Model Classification,Ambiguous-classification fallback,Regression,README.md / PROFILE_MATRIX.md,"When evidence is insufficient, use a neutral profile and preserve ambiguity rather than making a high-impact arbitrary choice.",controls/03-industry-taxonomy-and-business-model-classification.md,controls.capability.ambiguous-classification-fallback,control.bq-0115
BQ-0116,P1,03. Industry Taxonomy & Business-Model Classification,Classification explanation trace,Contract,README.md,Store the evidence that led to industry and business-model resolution so QA can inspect misrouting after failed tests.,controls/03-industry-taxonomy-and-business-model-classification.md,controls.capability.classification-explanation-trace,control.bq-0116
BQ-0117,P1,03. Industry Taxonomy & Business-Model Classification,Classification explanation trace,Procedure,README.md,Store the evidence that led to industry and business-model resolution so QA can inspect misrouting after failed tests.,controls/03-industry-taxonomy-and-business-model-classification.md,controls.capability.classification-explanation-trace,control.bq-0117
BQ-0118,P1,03. Industry Taxonomy & Business-Model Classification,Classification explanation trace,Evidence Gate,README.md,Store the evidence that led to industry and business-model resolution so QA can inspect misrouting after failed tests.,controls/03-industry-taxonomy-and-business-model-classification.md,controls.capability.classification-explanation-trace,control.bq-0118
BQ-0119,P1,03. Industry Taxonomy & Business-Model Classification,Classification explanation trace,Recovery,README.md,Store the evidence that led to industry and business-model resolution so QA can inspect misrouting after failed tests.,controls/03-industry-taxonomy-and-business-model-classification.md,controls.capability.classification-explanation-trace,control.bq-0119
BQ-0120,P1,03. Industry Taxonomy & Business-Model Classification,Classification explanation trace,Regression,README.md,Store the evidence that led to industry and business-model resolution so QA can inspect misrouting after failed tests.,controls/03-industry-taxonomy-and-business-model-classification.md,controls.capability.classification-explanation-trace,control.bq-0120
BQ-0121,P0,"04. Semantic Profiles, Risk & Context Overlays",Independent-profile dimensions,Contract,PROFILE_MATRIX.md,"Resolve Operating, Product, Design, Halo, and Risk independently instead of allowing one profile to contaminate all others.",controls/04-semantic-profiles-risk-and-context-overlays.md,controls.capability.independent-profile-dimensions,control.bq-0121
BQ-0122,P0,"04. Semantic Profiles, Risk & Context Overlays",Independent-profile dimensions,Procedure,PROFILE_MATRIX.md,"Resolve Operating, Product, Design, Halo, and Risk independently instead of allowing one profile to contaminate all others.",controls/04-semantic-profiles-risk-and-context-overlays.md,controls.capability.independent-profile-dimensions,control.bq-0122
BQ-0123,P0,"04. Semantic Profiles, Risk & Context Overlays",Independent-profile dimensions,Evidence Gate,PROFILE_MATRIX.md,"Resolve Operating, Product, Design, Halo, and Risk independently instead of allowing one profile to contaminate all others.",controls/04-semantic-profiles-risk-and-context-overlays.md,controls.capability.independent-profile-dimensions,control.bq-0123
BQ-0124,P0,"04. Semantic Profiles, Risk & Context Overlays",Independent-profile dimensions,Recovery,PROFILE_MATRIX.md,"Resolve Operating, Product, Design, Halo, and Risk independently instead of allowing one profile to contaminate all others.",controls/04-semantic-profiles-risk-and-context-overlays.md,controls.capability.independent-profile-dimensions,control.bq-0124
BQ-0125,P0,"04. Semantic Profiles, Risk & Context Overlays",Independent-profile dimensions,Regression,PROFILE_MATRIX.md,"Resolve Operating, Product, Design, Halo, and Risk independently instead of allowing one profile to contaminate all others.",controls/04-semantic-profiles-risk-and-context-overlays.md,controls.capability.independent-profile-dimensions,control.bq-0125
BQ-0126,P0,"04. Semantic Profiles, Risk & Context Overlays",Risk-overlay composition,Contract,PROFILE_MATRIX.md / SECURITY.md / LEGAL.md,Allow multiple simultaneous risk overlays and define how conflicting requirements combine.,controls/04-semantic-profiles-risk-and-context-overlays.md,controls.capability.risk-overlay-composition,control.bq-0126
BQ-0127,P0,"04. Semantic Profiles, Risk & Context Overlays",Risk-overlay composition,Procedure,PROFILE_MATRIX.md / SECURITY.md / LEGAL.md,Allow multiple simultaneous risk overlays and define how conflicting requirements combine.,controls/04-semantic-profiles-risk-and-context-overlays.md,controls.capability.risk-overlay-composition,control.bq-0127
BQ-0128,P0,"04. Semantic Profiles, Risk & Context Overlays",Risk-overlay composition,Evidence Gate,PROFILE_MATRIX.md / SECURITY.md / LEGAL.md,Allow multiple simultaneous risk overlays and define how conflicting requirements combine.,controls/04-semantic-profiles-risk-and-context-overlays.md,controls.capability.risk-overlay-composition,control.bq-0128
BQ-0129,P0,"04. Semantic Profiles, Risk & Context Overlays",Risk-overlay composition,Recovery,PROFILE_MATRIX.md / SECURITY.md / LEGAL.md,Allow multiple simultaneous risk overlays and define how conflicting requirements combine.,controls/04-semantic-profiles-risk-and-context-overlays.md,controls.capability.risk-overlay-composition,control.bq-0129
BQ-0130,P0,"04. Semantic Profiles, Risk & Context Overlays",Risk-overlay composition,Regression,PROFILE_MATRIX.md / SECURITY.md / LEGAL.md,Allow multiple simultaneous risk overlays and define how conflicting requirements combine.,controls/04-semantic-profiles-risk-and-context-overlays.md,controls.capability.risk-overlay-composition,control.bq-0130
BQ-0131,P1,"04. Semantic Profiles, Risk & Context Overlays",Profile confidence scores,Contract,PROFILE_MATRIX.md,Attach confidence to every resolved profile dimension and trigger conservative behavior when confidence is low.,controls/04-semantic-profiles-risk-and-context-overlays.md,controls.capability.profile-confidence-scores,control.bq-0131
BQ-0132,P1,"04. Semantic Profiles, Risk & Context Overlays",Profile confidence scores,Procedure,PROFILE_MATRIX.md,Attach confidence to every resolved profile dimension and trigger conservative behavior when confidence is low.,controls/04-semantic-profiles-risk-and-context-overlays.md,controls.capability.profile-confidence-scores,control.bq-0132
BQ-0133,P1,"04. Semantic Profiles, Risk & Context Overlays",Profile confidence scores,Evidence Gate,PROFILE_MATRIX.md,Attach confidence to every resolved profile dimension and trigger conservative behavior when confidence is low.,controls/04-semantic-profiles-risk-and-context-overlays.md,controls.capability.profile-confidence-scores,control.bq-0133
BQ-0134,P1,"04. Semantic Profiles, Risk & Context Overlays",Profile confidence scores,Recovery,PROFILE_MATRIX.md,Attach confidence to every resolved profile dimension and trigger conservative behavior when confidence is low.,controls/04-semantic-profiles-risk-and-context-overlays.md,controls.capability.profile-confidence-scores,control.bq-0134
BQ-0135,P1,"04. Semantic Profiles, Risk & Context Overlays",Profile confidence scores,Regression,PROFILE_MATRIX.md,Attach confidence to every resolved profile dimension and trigger conservative behavior when confidence is low.,controls/04-semantic-profiles-risk-and-context-overlays.md,controls.capability.profile-confidence-scores,control.bq-0135
BQ-0136,P1,"04. Semantic Profiles, Risk & Context Overlays",Mixed-model businesses,Contract,PROFILE_MATRIX.md,"Define explicit mixed-model patterns for businesses combining local service, ecommerce, marketplace, subscription, consulting, or physical operations.",controls/04-semantic-profiles-risk-and-context-overlays.md,controls.capability.mixed-model-businesses,control.bq-0136
BQ-0137,P1,"04. Semantic Profiles, Risk & Context Overlays",Mixed-model businesses,Procedure,PROFILE_MATRIX.md,"Define explicit mixed-model patterns for businesses combining local service, ecommerce, marketplace, subscription, consulting, or physical operations.",controls/04-semantic-profiles-risk-and-context-overlays.md,controls.capability.mixed-model-businesses,control.bq-0137
BQ-0138,P1,"04. Semantic Profiles, Risk & Context Overlays",Mixed-model businesses,Evidence Gate,PROFILE_MATRIX.md,"Define explicit mixed-model patterns for businesses combining local service, ecommerce, marketplace, subscription, consulting, or physical operations.",controls/04-semantic-profiles-risk-and-context-overlays.md,controls.capability.mixed-model-businesses,control.bq-0138
BQ-0139,P1,"04. Semantic Profiles, Risk & Context Overlays",Mixed-model businesses,Recovery,PROFILE_MATRIX.md,"Define explicit mixed-model patterns for businesses combining local service, ecommerce, marketplace, subscription, consulting, or physical operations.",controls/04-semantic-profiles-risk-and-context-overlays.md,controls.capability.mixed-model-businesses,control.bq-0139
BQ-0140,P1,"04. Semantic Profiles, Risk & Context Overlays",Mixed-model businesses,Regression,PROFILE_MATRIX.md,"Define explicit mixed-model patterns for businesses combining local service, ecommerce, marketplace, subscription, consulting, or physical operations.",controls/04-semantic-profiles-risk-and-context-overlays.md,controls.capability.mixed-model-businesses,control.bq-0140
BQ-0141,P0,"04. Semantic Profiles, Risk & Context Overlays",Audience-specific design profile,Contract,PROFILE_MATRIX.md / DESIGN.md,"Allow the design profile to follow customer expectations even when the operating industry is industrial, technical, or regulated.",controls/04-semantic-profiles-risk-and-context-overlays.md,controls.capability.audience-specific-design-profile,control.bq-0141
BQ-0142,P0,"04. Semantic Profiles, Risk & Context Overlays",Audience-specific design profile,Procedure,PROFILE_MATRIX.md / DESIGN.md,"Allow the design profile to follow customer expectations even when the operating industry is industrial, technical, or regulated.",controls/04-semantic-profiles-risk-and-context-overlays.md,controls.capability.audience-specific-design-profile,control.bq-0142
BQ-0143,P0,"04. Semantic Profiles, Risk & Context Overlays",Audience-specific design profile,Evidence Gate,PROFILE_MATRIX.md / DESIGN.md,"Allow the design profile to follow customer expectations even when the operating industry is industrial, technical, or regulated.",controls/04-semantic-profiles-risk-and-context-overlays.md,controls.capability.audience-specific-design-profile,control.bq-0143
BQ-0144,P0,"04. Semantic Profiles, Risk & Context Overlays",Audience-specific design profile,Recovery,PROFILE_MATRIX.md / DESIGN.md,"Allow the design profile to follow customer expectations even when the operating industry is industrial, technical, or regulated.",controls/04-semantic-profiles-risk-and-context-overlays.md,controls.capability.audience-specific-design-profile,control.bq-0144
BQ-0145,P0,"04. Semantic Profiles, Risk & Context Overlays",Audience-specific design profile,Regression,PROFILE_MATRIX.md / DESIGN.md,"Allow the design profile to follow customer expectations even when the operating industry is industrial, technical, or regulated.",controls/04-semantic-profiles-risk-and-context-overlays.md,controls.capability.audience-specific-design-profile,control.bq-0145
BQ-0146,P1,"04. Semantic Profiles, Risk & Context Overlays",Profile inheritance limits,Contract,PROFILE_MATRIX.md,Specify which properties may inherit from a parent industry and which must always be independently resolved.,controls/04-semantic-profiles-risk-and-context-overlays.md,controls.capability.profile-inheritance-limits,control.bq-0146
BQ-0147,P1,"04. Semantic Profiles, Risk & Context Overlays",Profile inheritance limits,Procedure,PROFILE_MATRIX.md,Specify which properties may inherit from a parent industry and which must always be independently resolved.,controls/04-semantic-profiles-risk-and-context-overlays.md,controls.capability.profile-inheritance-limits,control.bq-0147
BQ-0148,P1,"04. Semantic Profiles, Risk & Context Overlays",Profile inheritance limits,Evidence Gate,PROFILE_MATRIX.md,Specify which properties may inherit from a parent industry and which must always be independently resolved.,controls/04-semantic-profiles-risk-and-context-overlays.md,controls.capability.profile-inheritance-limits,control.bq-0148
BQ-0149,P1,"04. Semantic Profiles, Risk & Context Overlays",Profile inheritance limits,Recovery,PROFILE_MATRIX.md,Specify which properties may inherit from a parent industry and which must always be independently resolved.,controls/04-semantic-profiles-risk-and-context-overlays.md,controls.capability.profile-inheritance-limits,control.bq-0149
BQ-0150,P1,"04. Semantic Profiles, Risk & Context Overlays",Profile inheritance limits,Regression,PROFILE_MATRIX.md,Specify which properties may inherit from a parent industry and which must always be independently resolved.,controls/04-semantic-profiles-risk-and-context-overlays.md,controls.capability.profile-inheritance-limits,control.bq-0150
BQ-0151,P1,"04. Semantic Profiles, Risk & Context Overlays",Profile override provenance,Contract,PROFILE_MATRIX.md,Record why a default profile was overridden and which user or project evidence justified the override.,controls/04-semantic-profiles-risk-and-context-overlays.md,controls.capability.profile-override-provenance,control.bq-0151
BQ-0152,P1,"04. Semantic Profiles, Risk & Context Overlays",Profile override provenance,Procedure,PROFILE_MATRIX.md,Record why a default profile was overridden and which user or project evidence justified the override.,controls/04-semantic-profiles-risk-and-context-overlays.md,controls.capability.profile-override-provenance,control.bq-0152
BQ-0153,P1,"04. Semantic Profiles, Risk & Context Overlays",Profile override provenance,Evidence Gate,PROFILE_MATRIX.md,Record why a default profile was overridden and which user or project evidence justified the override.,controls/04-semantic-profiles-risk-and-context-overlays.md,controls.capability.profile-override-provenance,control.bq-0153
BQ-0154,P1,"04. Semantic Profiles, Risk & Context Overlays",Profile override provenance,Recovery,PROFILE_MATRIX.md,Record why a default profile was overridden and which user or project evidence justified the override.,controls/04-semantic-profiles-risk-and-context-overlays.md,controls.capability.profile-override-provenance,control.bq-0154
BQ-0155,P1,"04. Semantic Profiles, Risk & Context Overlays",Profile override provenance,Regression,PROFILE_MATRIX.md,Record why a default profile was overridden and which user or project evidence justified the override.,controls/04-semantic-profiles-risk-and-context-overlays.md,controls.capability.profile-override-provenance,control.bq-0155
BQ-0156,P0,"04. Semantic Profiles, Risk & Context Overlays",Risk-trigger re-evaluation,Contract,PROFILE_MATRIX.md / README.md,"Recompute applicable risk overlays when new features such as payments, uploads, accounts, health data, or messaging enter scope.",controls/04-semantic-profiles-risk-and-context-overlays.md,controls.capability.risk-trigger-re-evaluation,control.bq-0156
BQ-0157,P0,"04. Semantic Profiles, Risk & Context Overlays",Risk-trigger re-evaluation,Procedure,PROFILE_MATRIX.md / README.md,"Recompute applicable risk overlays when new features such as payments, uploads, accounts, health data, or messaging enter scope.",controls/04-semantic-profiles-risk-and-context-overlays.md,controls.capability.risk-trigger-re-evaluation,control.bq-0157
BQ-0158,P0,"04. Semantic Profiles, Risk & Context Overlays",Risk-trigger re-evaluation,Evidence Gate,PROFILE_MATRIX.md / README.md,"Recompute applicable risk overlays when new features such as payments, uploads, accounts, health data, or messaging enter scope.",controls/04-semantic-profiles-risk-and-context-overlays.md,controls.capability.risk-trigger-re-evaluation,control.bq-0158
BQ-0159,P0,"04. Semantic Profiles, Risk & Context Overlays",Risk-trigger re-evaluation,Recovery,PROFILE_MATRIX.md / README.md,"Recompute applicable risk overlays when new features such as payments, uploads, accounts, health data, or messaging enter scope.",controls/04-semantic-profiles-risk-and-context-overlays.md,controls.capability.risk-trigger-re-evaluation,control.bq-0159
BQ-0160,P0,"04. Semantic Profiles, Risk & Context Overlays",Risk-trigger re-evaluation,Regression,PROFILE_MATRIX.md / README.md,"Recompute applicable risk overlays when new features such as payments, uploads, accounts, health data, or messaging enter scope.",controls/04-semantic-profiles-risk-and-context-overlays.md,controls.capability.risk-trigger-re-evaluation,control.bq-0160
BQ-0161,P0,05. Creation-Type Routing & Deliverable Semantics,Creation-type classifier,Contract,README.md / MANIFEST.md,"Classify website, app, dashboard, document, strategy, brand, content, SOP, policy, presentation, spreadsheet, and hybrid deliverables explicitly.",controls/05-creation-type-routing-and-deliverable-semantics.md,controls.capability.creation-type-classifier,control.bq-0161
BQ-0162,P0,05. Creation-Type Routing & Deliverable Semantics,Creation-type classifier,Procedure,README.md / MANIFEST.md,"Classify website, app, dashboard, document, strategy, brand, content, SOP, policy, presentation, spreadsheet, and hybrid deliverables explicitly.",controls/05-creation-type-routing-and-deliverable-semantics.md,controls.capability.creation-type-classifier,control.bq-0162
BQ-0163,P0,05. Creation-Type Routing & Deliverable Semantics,Creation-type classifier,Evidence Gate,README.md / MANIFEST.md,"Classify website, app, dashboard, document, strategy, brand, content, SOP, policy, presentation, spreadsheet, and hybrid deliverables explicitly.",controls/05-creation-type-routing-and-deliverable-semantics.md,controls.capability.creation-type-classifier,control.bq-0163
BQ-0164,P0,05. Creation-Type Routing & Deliverable Semantics,Creation-type classifier,Recovery,README.md / MANIFEST.md,"Classify website, app, dashboard, document, strategy, brand, content, SOP, policy, presentation, spreadsheet, and hybrid deliverables explicitly.",controls/05-creation-type-routing-and-deliverable-semantics.md,controls.capability.creation-type-classifier,control.bq-0164
BQ-0165,P0,05. Creation-Type Routing & Deliverable Semantics,Creation-type classifier,Regression,README.md / MANIFEST.md,"Classify website, app, dashboard, document, strategy, brand, content, SOP, policy, presentation, spreadsheet, and hybrid deliverables explicitly.",controls/05-creation-type-routing-and-deliverable-semantics.md,controls.capability.creation-type-classifier,control.bq-0165
BQ-0166,P1,05. Creation-Type Routing & Deliverable Semantics,Hybrid-deliverable routing,Contract,README.md / MANIFEST.md,Support requests spanning multiple artifact types without dropping standards belonging to secondary deliverables.,controls/05-creation-type-routing-and-deliverable-semantics.md,controls.capability.hybrid-deliverable-routing,control.bq-0166
BQ-0167,P1,05. Creation-Type Routing & Deliverable Semantics,Hybrid-deliverable routing,Procedure,README.md / MANIFEST.md,Support requests spanning multiple artifact types without dropping standards belonging to secondary deliverables.,controls/05-creation-type-routing-and-deliverable-semantics.md,controls.capability.hybrid-deliverable-routing,control.bq-0167
BQ-0168,P1,05. Creation-Type Routing & Deliverable Semantics,Hybrid-deliverable routing,Evidence Gate,README.md / MANIFEST.md,Support requests spanning multiple artifact types without dropping standards belonging to secondary deliverables.,controls/05-creation-type-routing-and-deliverable-semantics.md,controls.capability.hybrid-deliverable-routing,control.bq-0168
BQ-0169,P1,05. Creation-Type Routing & Deliverable Semantics,Hybrid-deliverable routing,Recovery,README.md / MANIFEST.md,Support requests spanning multiple artifact types without dropping standards belonging to secondary deliverables.,controls/05-creation-type-routing-and-deliverable-semantics.md,controls.capability.hybrid-deliverable-routing,control.bq-0169
BQ-0170,P1,05. Creation-Type Routing & Deliverable Semantics,Hybrid-deliverable routing,Regression,README.md / MANIFEST.md,Support requests spanning multiple artifact types without dropping standards belonging to secondary deliverables.,controls/05-creation-type-routing-and-deliverable-semantics.md,controls.capability.hybrid-deliverable-routing,control.bq-0170
BQ-0171,P0,05. Creation-Type Routing & Deliverable Semantics,Front-end-only semantics,Contract,README.md / FEATURES.md,"Define exactly what front-end-only means for forms, auth, persistence, APIs, integrations, and simulated states.",controls/05-creation-type-routing-and-deliverable-semantics.md,controls.capability.front-end-only-semantics,control.bq-0171
BQ-0172,P0,05. Creation-Type Routing & Deliverable Semantics,Front-end-only semantics,Procedure,README.md / FEATURES.md,"Define exactly what front-end-only means for forms, auth, persistence, APIs, integrations, and simulated states.",controls/05-creation-type-routing-and-deliverable-semantics.md,controls.capability.front-end-only-semantics,control.bq-0172
BQ-0173,P0,05. Creation-Type Routing & Deliverable Semantics,Front-end-only semantics,Evidence Gate,README.md / FEATURES.md,"Define exactly what front-end-only means for forms, auth, persistence, APIs, integrations, and simulated states.",controls/05-creation-type-routing-and-deliverable-semantics.md,controls.capability.front-end-only-semantics,control.bq-0173
BQ-0174,P0,05. Creation-Type Routing & Deliverable Semantics,Front-end-only semantics,Recovery,README.md / FEATURES.md,"Define exactly what front-end-only means for forms, auth, persistence, APIs, integrations, and simulated states.",controls/05-creation-type-routing-and-deliverable-semantics.md,controls.capability.front-end-only-semantics,control.bq-0174
BQ-0175,P0,05. Creation-Type Routing & Deliverable Semantics,Front-end-only semantics,Regression,README.md / FEATURES.md,"Define exactly what front-end-only means for forms, auth, persistence, APIs, integrations, and simulated states.",controls/05-creation-type-routing-and-deliverable-semantics.md,controls.capability.front-end-only-semantics,control.bq-0175
BQ-0176,P0,05. Creation-Type Routing & Deliverable Semantics,Production-vs-concept distinction,Contract,README.md / CREATIVE.md,Distinguish high-fidelity concept imagery from production software without lowering the visual bar for either.,controls/05-creation-type-routing-and-deliverable-semantics.md,controls.capability.production-vs-concept-distinction,control.bq-0176
BQ-0177,P0,05. Creation-Type Routing & Deliverable Semantics,Production-vs-concept distinction,Procedure,README.md / CREATIVE.md,Distinguish high-fidelity concept imagery from production software without lowering the visual bar for either.,controls/05-creation-type-routing-and-deliverable-semantics.md,controls.capability.production-vs-concept-distinction,control.bq-0177
BQ-0178,P0,05. Creation-Type Routing & Deliverable Semantics,Production-vs-concept distinction,Evidence Gate,README.md / CREATIVE.md,Distinguish high-fidelity concept imagery from production software without lowering the visual bar for either.,controls/05-creation-type-routing-and-deliverable-semantics.md,controls.capability.production-vs-concept-distinction,control.bq-0178
BQ-0179,P0,05. Creation-Type Routing & Deliverable Semantics,Production-vs-concept distinction,Recovery,README.md / CREATIVE.md,Distinguish high-fidelity concept imagery from production software without lowering the visual bar for either.,controls/05-creation-type-routing-and-deliverable-semantics.md,controls.capability.production-vs-concept-distinction,control.bq-0179
BQ-0180,P0,05. Creation-Type Routing & Deliverable Semantics,Production-vs-concept distinction,Regression,README.md / CREATIVE.md,Distinguish high-fidelity concept imagery from production software without lowering the visual bar for either.,controls/05-creation-type-routing-and-deliverable-semantics.md,controls.capability.production-vs-concept-distinction,control.bq-0180
BQ-0181,P1,05. Creation-Type Routing & Deliverable Semantics,Artifact-format constraints,Contract,README.md,Route based on requested final file format and ensure the implementation method can actually produce that artifact.,controls/05-creation-type-routing-and-deliverable-semantics.md,controls.capability.artifact-format-constraints,control.bq-0181
BQ-0182,P1,05. Creation-Type Routing & Deliverable Semantics,Artifact-format constraints,Procedure,README.md,Route based on requested final file format and ensure the implementation method can actually produce that artifact.,controls/05-creation-type-routing-and-deliverable-semantics.md,controls.capability.artifact-format-constraints,control.bq-0182
BQ-0183,P1,05. Creation-Type Routing & Deliverable Semantics,Artifact-format constraints,Evidence Gate,README.md,Route based on requested final file format and ensure the implementation method can actually produce that artifact.,controls/05-creation-type-routing-and-deliverable-semantics.md,controls.capability.artifact-format-constraints,control.bq-0183
BQ-0184,P1,05. Creation-Type Routing & Deliverable Semantics,Artifact-format constraints,Recovery,README.md,Route based on requested final file format and ensure the implementation method can actually produce that artifact.,controls/05-creation-type-routing-and-deliverable-semantics.md,controls.capability.artifact-format-constraints,control.bq-0184
BQ-0185,P1,05. Creation-Type Routing & Deliverable Semantics,Artifact-format constraints,Regression,README.md,Route based on requested final file format and ensure the implementation method can actually produce that artifact.,controls/05-creation-type-routing-and-deliverable-semantics.md,controls.capability.artifact-format-constraints,control.bq-0185
BQ-0186,P0,05. Creation-Type Routing & Deliverable Semantics,Creation-specific mandatory modules,Contract,MANIFEST.md,Make required module dependencies machine-checkable for every creation type rather than advisory prose.,controls/05-creation-type-routing-and-deliverable-semantics.md,controls.capability.creation-specific-mandatory-modules,control.bq-0186
BQ-0187,P0,05. Creation-Type Routing & Deliverable Semantics,Creation-specific mandatory modules,Procedure,MANIFEST.md,Make required module dependencies machine-checkable for every creation type rather than advisory prose.,controls/05-creation-type-routing-and-deliverable-semantics.md,controls.capability.creation-specific-mandatory-modules,control.bq-0187
BQ-0188,P0,05. Creation-Type Routing & Deliverable Semantics,Creation-specific mandatory modules,Evidence Gate,MANIFEST.md,Make required module dependencies machine-checkable for every creation type rather than advisory prose.,controls/05-creation-type-routing-and-deliverable-semantics.md,controls.capability.creation-specific-mandatory-modules,control.bq-0188
BQ-0189,P0,05. Creation-Type Routing & Deliverable Semantics,Creation-specific mandatory modules,Recovery,MANIFEST.md,Make required module dependencies machine-checkable for every creation type rather than advisory prose.,controls/05-creation-type-routing-and-deliverable-semantics.md,controls.capability.creation-specific-mandatory-modules,control.bq-0189
BQ-0190,P0,05. Creation-Type Routing & Deliverable Semantics,Creation-specific mandatory modules,Regression,MANIFEST.md,Make required module dependencies machine-checkable for every creation type rather than advisory prose.,controls/05-creation-type-routing-and-deliverable-semantics.md,controls.capability.creation-specific-mandatory-modules,control.bq-0190
BQ-0191,P0,05. Creation-Type Routing & Deliverable Semantics,Creation-type forbidden shortcuts,Contract,README.md / QA_GATES.md,"Define shortcuts that are specifically invalid for each creation type, such as fake dashboards, dead forms, or unimplemented primary flows.",controls/05-creation-type-routing-and-deliverable-semantics.md,controls.capability.creation-type-forbidden-shortcuts,control.bq-0191
BQ-0192,P0,05. Creation-Type Routing & Deliverable Semantics,Creation-type forbidden shortcuts,Procedure,README.md / QA_GATES.md,"Define shortcuts that are specifically invalid for each creation type, such as fake dashboards, dead forms, or unimplemented primary flows.",controls/05-creation-type-routing-and-deliverable-semantics.md,controls.capability.creation-type-forbidden-shortcuts,control.bq-0192
BQ-0193,P0,05. Creation-Type Routing & Deliverable Semantics,Creation-type forbidden shortcuts,Evidence Gate,README.md / QA_GATES.md,"Define shortcuts that are specifically invalid for each creation type, such as fake dashboards, dead forms, or unimplemented primary flows.",controls/05-creation-type-routing-and-deliverable-semantics.md,controls.capability.creation-type-forbidden-shortcuts,control.bq-0193
BQ-0194,P0,05. Creation-Type Routing & Deliverable Semantics,Creation-type forbidden shortcuts,Recovery,README.md / QA_GATES.md,"Define shortcuts that are specifically invalid for each creation type, such as fake dashboards, dead forms, or unimplemented primary flows.",controls/05-creation-type-routing-and-deliverable-semantics.md,controls.capability.creation-type-forbidden-shortcuts,control.bq-0194
BQ-0195,P0,05. Creation-Type Routing & Deliverable Semantics,Creation-type forbidden shortcuts,Regression,README.md / QA_GATES.md,"Define shortcuts that are specifically invalid for each creation type, such as fake dashboards, dead forms, or unimplemented primary flows.",controls/05-creation-type-routing-and-deliverable-semantics.md,controls.capability.creation-type-forbidden-shortcuts,control.bq-0195
BQ-0196,P0,05. Creation-Type Routing & Deliverable Semantics,Deliverable acceptance contract,Contract,README.md / QA_GATES.md,"Define what evidence is required before each creation type can be called complete, validated, production-ready, or ready to ship.",controls/05-creation-type-routing-and-deliverable-semantics.md,controls.capability.deliverable-acceptance-contract,control.bq-0196
BQ-0197,P0,05. Creation-Type Routing & Deliverable Semantics,Deliverable acceptance contract,Procedure,README.md / QA_GATES.md,"Define what evidence is required before each creation type can be called complete, validated, production-ready, or ready to ship.",controls/05-creation-type-routing-and-deliverable-semantics.md,controls.capability.deliverable-acceptance-contract,control.bq-0197
BQ-0198,P0,05. Creation-Type Routing & Deliverable Semantics,Deliverable acceptance contract,Evidence Gate,README.md / QA_GATES.md,"Define what evidence is required before each creation type can be called complete, validated, production-ready, or ready to ship.",controls/05-creation-type-routing-and-deliverable-semantics.md,controls.capability.deliverable-acceptance-contract,control.bq-0198
BQ-0199,P0,05. Creation-Type Routing & Deliverable Semantics,Deliverable acceptance contract,Recovery,README.md / QA_GATES.md,"Define what evidence is required before each creation type can be called complete, validated, production-ready, or ready to ship.",controls/05-creation-type-routing-and-deliverable-semantics.md,controls.capability.deliverable-acceptance-contract,control.bq-0199
BQ-0200,P0,05. Creation-Type Routing & Deliverable Semantics,Deliverable acceptance contract,Regression,README.md / QA_GATES.md,"Define what evidence is required before each creation type can be called complete, validated, production-ready, or ready to ship.",controls/05-creation-type-routing-and-deliverable-semantics.md,controls.capability.deliverable-acceptance-contract,control.bq-0200
BQ-0201,P0,"06. Research, Benchmarking & Reference Intelligence",Research trigger matrix,Contract,CREATIVE.md / README.md,"Specify when current external research is mandatory, optional, or prohibited based on freshness, category competitiveness, and task type.",controls/06-research-benchmarking-and-reference-intelligence.md,controls.capability.research-trigger-matrix,control.bq-0201
BQ-0202,P0,"06. Research, Benchmarking & Reference Intelligence",Research trigger matrix,Procedure,CREATIVE.md / README.md,"Specify when current external research is mandatory, optional, or prohibited based on freshness, category competitiveness, and task type.",controls/06-research-benchmarking-and-reference-intelligence.md,controls.capability.research-trigger-matrix,control.bq-0202
BQ-0203,P0,"06. Research, Benchmarking & Reference Intelligence",Research trigger matrix,Evidence Gate,CREATIVE.md / README.md,"Specify when current external research is mandatory, optional, or prohibited based on freshness, category competitiveness, and task type.",controls/06-research-benchmarking-and-reference-intelligence.md,controls.capability.research-trigger-matrix,control.bq-0203
BQ-0204,P0,"06. Research, Benchmarking & Reference Intelligence",Research trigger matrix,Recovery,CREATIVE.md / README.md,"Specify when current external research is mandatory, optional, or prohibited based on freshness, category competitiveness, and task type.",controls/06-research-benchmarking-and-reference-intelligence.md,controls.capability.research-trigger-matrix,control.bq-0204
BQ-0205,P0,"06. Research, Benchmarking & Reference Intelligence",Research trigger matrix,Regression,CREATIVE.md / README.md,"Specify when current external research is mandatory, optional, or prohibited based on freshness, category competitiveness, and task type.",controls/06-research-benchmarking-and-reference-intelligence.md,controls.capability.research-trigger-matrix,control.bq-0205
BQ-0206,P1,"06. Research, Benchmarking & Reference Intelligence",Benchmark quality filter,Contract,CREATIVE.md,Require category references to meet explicit quality and relevance criteria rather than accepting the first search results.,controls/06-research-benchmarking-and-reference-intelligence.md,controls.capability.benchmark-quality-filter,control.bq-0206
BQ-0207,P1,"06. Research, Benchmarking & Reference Intelligence",Benchmark quality filter,Procedure,CREATIVE.md,Require category references to meet explicit quality and relevance criteria rather than accepting the first search results.,controls/06-research-benchmarking-and-reference-intelligence.md,controls.capability.benchmark-quality-filter,control.bq-0207
BQ-0208,P1,"06. Research, Benchmarking & Reference Intelligence",Benchmark quality filter,Evidence Gate,CREATIVE.md,Require category references to meet explicit quality and relevance criteria rather than accepting the first search results.,controls/06-research-benchmarking-and-reference-intelligence.md,controls.capability.benchmark-quality-filter,control.bq-0208
BQ-0209,P1,"06. Research, Benchmarking & Reference Intelligence",Benchmark quality filter,Recovery,CREATIVE.md,Require category references to meet explicit quality and relevance criteria rather than accepting the first search results.,controls/06-research-benchmarking-and-reference-intelligence.md,controls.capability.benchmark-quality-filter,control.bq-0209
BQ-0210,P1,"06. Research, Benchmarking & Reference Intelligence",Benchmark quality filter,Regression,CREATIVE.md,Require category references to meet explicit quality and relevance criteria rather than accepting the first search results.,controls/06-research-benchmarking-and-reference-intelligence.md,controls.capability.benchmark-quality-filter,control.bq-0210
BQ-0211,P1,"06. Research, Benchmarking & Reference Intelligence",Reference diversity,Contract,CREATIVE.md,Benchmark multiple credible competitors or adjacent exemplars so one reference cannot dominate the resulting design.,controls/06-research-benchmarking-and-reference-intelligence.md,controls.capability.reference-diversity,control.bq-0211
BQ-0212,P1,"06. Research, Benchmarking & Reference Intelligence",Reference diversity,Procedure,CREATIVE.md,Benchmark multiple credible competitors or adjacent exemplars so one reference cannot dominate the resulting design.,controls/06-research-benchmarking-and-reference-intelligence.md,controls.capability.reference-diversity,control.bq-0212
BQ-0213,P1,"06. Research, Benchmarking & Reference Intelligence",Reference diversity,Evidence Gate,CREATIVE.md,Benchmark multiple credible competitors or adjacent exemplars so one reference cannot dominate the resulting design.,controls/06-research-benchmarking-and-reference-intelligence.md,controls.capability.reference-diversity,control.bq-0213
BQ-0214,P1,"06. Research, Benchmarking & Reference Intelligence",Reference diversity,Recovery,CREATIVE.md,Benchmark multiple credible competitors or adjacent exemplars so one reference cannot dominate the resulting design.,controls/06-research-benchmarking-and-reference-intelligence.md,controls.capability.reference-diversity,control.bq-0214
BQ-0215,P1,"06. Research, Benchmarking & Reference Intelligence",Reference diversity,Regression,CREATIVE.md,Benchmark multiple credible competitors or adjacent exemplars so one reference cannot dominate the resulting design.,controls/06-research-benchmarking-and-reference-intelligence.md,controls.capability.reference-diversity,control.bq-0215
BQ-0216,P0,"06. Research, Benchmarking & Reference Intelligence",Pattern extraction,Contract,CREATIVE.md,"Extract reusable principles such as hierarchy, proof strategy, information density, and interaction model without copying surface styling.",controls/06-research-benchmarking-and-reference-intelligence.md,controls.capability.pattern-extraction,control.bq-0216
BQ-0217,P0,"06. Research, Benchmarking & Reference Intelligence",Pattern extraction,Procedure,CREATIVE.md,"Extract reusable principles such as hierarchy, proof strategy, information density, and interaction model without copying surface styling.",controls/06-research-benchmarking-and-reference-intelligence.md,controls.capability.pattern-extraction,control.bq-0217
BQ-0218,P0,"06. Research, Benchmarking & Reference Intelligence",Pattern extraction,Evidence Gate,CREATIVE.md,"Extract reusable principles such as hierarchy, proof strategy, information density, and interaction model without copying surface styling.",controls/06-research-benchmarking-and-reference-intelligence.md,controls.capability.pattern-extraction,control.bq-0218
BQ-0219,P0,"06. Research, Benchmarking & Reference Intelligence",Pattern extraction,Recovery,CREATIVE.md,"Extract reusable principles such as hierarchy, proof strategy, information density, and interaction model without copying surface styling.",controls/06-research-benchmarking-and-reference-intelligence.md,controls.capability.pattern-extraction,control.bq-0219
BQ-0220,P0,"06. Research, Benchmarking & Reference Intelligence",Pattern extraction,Regression,CREATIVE.md,"Extract reusable principles such as hierarchy, proof strategy, information density, and interaction model without copying surface styling.",controls/06-research-benchmarking-and-reference-intelligence.md,controls.capability.pattern-extraction,control.bq-0220
BQ-0221,P0,"06. Research, Benchmarking & Reference Intelligence",Differentiation ledger,Contract,CREATIVE.md,"Record category defaults/overuse/trust patterns and explicit non-cosmetic structural divergences tied to user jobs, workflow/data topology, proof, or brand; dense products require competitor-swap-resistant decisions.",controls/06-research-benchmarking-and-reference-intelligence.md,controls.capability.differentiation-ledger,control.bq-0221
BQ-0222,P0,"06. Research, Benchmarking & Reference Intelligence",Differentiation ledger,Procedure,CREATIVE.md,"Record category defaults/overuse/trust patterns and explicit non-cosmetic structural divergences tied to user jobs, workflow/data topology, proof, or brand; dense products require competitor-swap-resistant decisions.",controls/06-research-benchmarking-and-reference-intelligence.md,controls.capability.differentiation-ledger,control.bq-0222
BQ-0223,P0,"06. Research, Benchmarking & Reference Intelligence",Differentiation ledger,Evidence Gate,CREATIVE.md,"Record category defaults/overuse/trust patterns and explicit non-cosmetic structural divergences tied to user jobs, workflow/data topology, proof, or brand; dense products require competitor-swap-resistant decisions.",controls/06-research-benchmarking-and-reference-intelligence.md,controls.capability.differentiation-ledger,control.bq-0223
BQ-0224,P0,"06. Research, Benchmarking & Reference Intelligence",Differentiation ledger,Recovery,CREATIVE.md,"Record category defaults/overuse/trust patterns and explicit non-cosmetic structural divergences tied to user jobs, workflow/data topology, proof, or brand; dense products require competitor-swap-resistant decisions.",controls/06-research-benchmarking-and-reference-intelligence.md,controls.capability.differentiation-ledger,control.bq-0224
BQ-0225,P0,"06. Research, Benchmarking & Reference Intelligence",Differentiation ledger,Regression,CREATIVE.md,"Record category defaults/overuse/trust patterns and explicit non-cosmetic structural divergences tied to user jobs, workflow/data topology, proof, or brand; dense products require competitor-swap-resistant decisions.",controls/06-research-benchmarking-and-reference-intelligence.md,controls.capability.differentiation-ledger,control.bq-0225
BQ-0226,P0,"06. Research, Benchmarking & Reference Intelligence",Freshness sensitivity,Contract,README.md,"Attach recency requirements to facts, product behavior, standards, competitors, and market references that can materially change.",controls/06-research-benchmarking-and-reference-intelligence.md,controls.capability.freshness-sensitivity,control.bq-0226
BQ-0227,P0,"06. Research, Benchmarking & Reference Intelligence",Freshness sensitivity,Procedure,README.md,"Attach recency requirements to facts, product behavior, standards, competitors, and market references that can materially change.",controls/06-research-benchmarking-and-reference-intelligence.md,controls.capability.freshness-sensitivity,control.bq-0227
BQ-0228,P0,"06. Research, Benchmarking & Reference Intelligence",Freshness sensitivity,Evidence Gate,README.md,"Attach recency requirements to facts, product behavior, standards, competitors, and market references that can materially change.",controls/06-research-benchmarking-and-reference-intelligence.md,controls.capability.freshness-sensitivity,control.bq-0228
BQ-0229,P0,"06. Research, Benchmarking & Reference Intelligence",Freshness sensitivity,Recovery,README.md,"Attach recency requirements to facts, product behavior, standards, competitors, and market references that can materially change.",controls/06-research-benchmarking-and-reference-intelligence.md,controls.capability.freshness-sensitivity,control.bq-0229
BQ-0230,P0,"06. Research, Benchmarking & Reference Intelligence",Freshness sensitivity,Regression,README.md,"Attach recency requirements to facts, product behavior, standards, competitors, and market references that can materially change.",controls/06-research-benchmarking-and-reference-intelligence.md,controls.capability.freshness-sensitivity,control.bq-0230
BQ-0231,P1,"06. Research, Benchmarking & Reference Intelligence",Research-to-design linkage,Contract,CREATIVE.md,Require each important benchmark observation to influence or explicitly not influence a design decision.,controls/06-research-benchmarking-and-reference-intelligence.md,controls.capability.research-to-design-linkage,control.bq-0231
BQ-0232,P1,"06. Research, Benchmarking & Reference Intelligence",Research-to-design linkage,Procedure,CREATIVE.md,Require each important benchmark observation to influence or explicitly not influence a design decision.,controls/06-research-benchmarking-and-reference-intelligence.md,controls.capability.research-to-design-linkage,control.bq-0232
BQ-0233,P1,"06. Research, Benchmarking & Reference Intelligence",Research-to-design linkage,Evidence Gate,CREATIVE.md,Require each important benchmark observation to influence or explicitly not influence a design decision.,controls/06-research-benchmarking-and-reference-intelligence.md,controls.capability.research-to-design-linkage,control.bq-0233
BQ-0234,P1,"06. Research, Benchmarking & Reference Intelligence",Research-to-design linkage,Recovery,CREATIVE.md,Require each important benchmark observation to influence or explicitly not influence a design decision.,controls/06-research-benchmarking-and-reference-intelligence.md,controls.capability.research-to-design-linkage,control.bq-0234
BQ-0235,P1,"06. Research, Benchmarking & Reference Intelligence",Research-to-design linkage,Regression,CREATIVE.md,Require each important benchmark observation to influence or explicitly not influence a design decision.,controls/06-research-benchmarking-and-reference-intelligence.md,controls.capability.research-to-design-linkage,control.bq-0235
BQ-0236,P1,"06. Research, Benchmarking & Reference Intelligence",Research evidence preservation,Contract,QA_GATES.md,Retain enough source/evidence metadata for later QA to verify that benchmarking actually occurred when required.,controls/06-research-benchmarking-and-reference-intelligence.md,controls.capability.research-evidence-preservation,control.bq-0236
BQ-0237,P1,"06. Research, Benchmarking & Reference Intelligence",Research evidence preservation,Procedure,QA_GATES.md,Retain enough source/evidence metadata for later QA to verify that benchmarking actually occurred when required.,controls/06-research-benchmarking-and-reference-intelligence.md,controls.capability.research-evidence-preservation,control.bq-0237
BQ-0238,P1,"06. Research, Benchmarking & Reference Intelligence",Research evidence preservation,Evidence Gate,QA_GATES.md,Retain enough source/evidence metadata for later QA to verify that benchmarking actually occurred when required.,controls/06-research-benchmarking-and-reference-intelligence.md,controls.capability.research-evidence-preservation,control.bq-0238
BQ-0239,P1,"06. Research, Benchmarking & Reference Intelligence",Research evidence preservation,Recovery,QA_GATES.md,Retain enough source/evidence metadata for later QA to verify that benchmarking actually occurred when required.,controls/06-research-benchmarking-and-reference-intelligence.md,controls.capability.research-evidence-preservation,control.bq-0239
BQ-0240,P1,"06. Research, Benchmarking & Reference Intelligence",Research evidence preservation,Regression,QA_GATES.md,Retain enough source/evidence metadata for later QA to verify that benchmarking actually occurred when required.,controls/06-research-benchmarking-and-reference-intelligence.md,controls.capability.research-evidence-preservation,control.bq-0240
BQ-0241,P0,07. Brand Strategy & Creative Direction,Brand-character synthesis,Contract,CREATIVE.md,"Translate business model, audience, price position, geography, personality, and proof into a concise creative character before visual design.",controls/07-brand-strategy-and-creative-direction.md,controls.capability.brand-character-synthesis,control.bq-0241
BQ-0242,P0,07. Brand Strategy & Creative Direction,Brand-character synthesis,Procedure,CREATIVE.md,"Translate business model, audience, price position, geography, personality, and proof into a concise creative character before visual design.",controls/07-brand-strategy-and-creative-direction.md,controls.capability.brand-character-synthesis,control.bq-0242
BQ-0243,P0,07. Brand Strategy & Creative Direction,Brand-character synthesis,Evidence Gate,CREATIVE.md,"Translate business model, audience, price position, geography, personality, and proof into a concise creative character before visual design.",controls/07-brand-strategy-and-creative-direction.md,controls.capability.brand-character-synthesis,control.bq-0243
BQ-0244,P0,07. Brand Strategy & Creative Direction,Brand-character synthesis,Recovery,CREATIVE.md,"Translate business model, audience, price position, geography, personality, and proof into a concise creative character before visual design.",controls/07-brand-strategy-and-creative-direction.md,controls.capability.brand-character-synthesis,control.bq-0244
BQ-0245,P0,07. Brand Strategy & Creative Direction,Brand-character synthesis,Regression,CREATIVE.md,"Translate business model, audience, price position, geography, personality, and proof into a concise creative character before visual design.",controls/07-brand-strategy-and-creative-direction.md,controls.capability.brand-character-synthesis,control.bq-0245
BQ-0246,P0,07. Brand Strategy & Creative Direction,Three-direction exploration quality,Contract,CREATIVE.md,"Require concept directions to differ structurally, typographically, compositionally, and emotionally rather than merely changing colors.",controls/07-brand-strategy-and-creative-direction.md,controls.capability.three-direction-exploration-quality,control.bq-0246
BQ-0247,P0,07. Brand Strategy & Creative Direction,Three-direction exploration quality,Procedure,CREATIVE.md,"Require concept directions to differ structurally, typographically, compositionally, and emotionally rather than merely changing colors.",controls/07-brand-strategy-and-creative-direction.md,controls.capability.three-direction-exploration-quality,control.bq-0247
BQ-0248,P0,07. Brand Strategy & Creative Direction,Three-direction exploration quality,Evidence Gate,CREATIVE.md,"Require concept directions to differ structurally, typographically, compositionally, and emotionally rather than merely changing colors.",controls/07-brand-strategy-and-creative-direction.md,controls.capability.three-direction-exploration-quality,control.bq-0248
BQ-0249,P0,07. Brand Strategy & Creative Direction,Three-direction exploration quality,Recovery,CREATIVE.md,"Require concept directions to differ structurally, typographically, compositionally, and emotionally rather than merely changing colors.",controls/07-brand-strategy-and-creative-direction.md,controls.capability.three-direction-exploration-quality,control.bq-0249
BQ-0250,P0,07. Brand Strategy & Creative Direction,Three-direction exploration quality,Regression,CREATIVE.md,"Require concept directions to differ structurally, typographically, compositionally, and emotionally rather than merely changing colors.",controls/07-brand-strategy-and-creative-direction.md,controls.capability.three-direction-exploration-quality,control.bq-0250
BQ-0251,P0,07. Brand Strategy & Creative Direction,Concept selection rubric,Contract,CREATIVE.md,"Select a direction using weighted brand fit, category differentiation, usability, conversion/task fit, feasibility, memorability, and structural task-specificity rather than visual novelty alone.",controls/07-brand-strategy-and-creative-direction.md,controls.capability.concept-selection-rubric,control.bq-0251
BQ-0252,P0,07. Brand Strategy & Creative Direction,Concept selection rubric,Procedure,CREATIVE.md,"Select a direction using weighted brand fit, category differentiation, usability, conversion/task fit, feasibility, memorability, and structural task-specificity rather than visual novelty alone.",controls/07-brand-strategy-and-creative-direction.md,controls.capability.concept-selection-rubric,control.bq-0252
BQ-0253,P0,07. Brand Strategy & Creative Direction,Concept selection rubric,Evidence Gate,CREATIVE.md,"Select a direction using weighted brand fit, category differentiation, usability, conversion/task fit, feasibility, memorability, and structural task-specificity rather than visual novelty alone.",controls/07-brand-strategy-and-creative-direction.md,controls.capability.concept-selection-rubric,control.bq-0253
BQ-0254,P0,07. Brand Strategy & Creative Direction,Concept selection rubric,Recovery,CREATIVE.md,"Select a direction using weighted brand fit, category differentiation, usability, conversion/task fit, feasibility, memorability, and structural task-specificity rather than visual novelty alone.",controls/07-brand-strategy-and-creative-direction.md,controls.capability.concept-selection-rubric,control.bq-0254
BQ-0255,P0,07. Brand Strategy & Creative Direction,Concept selection rubric,Regression,CREATIVE.md,"Select a direction using weighted brand fit, category differentiation, usability, conversion/task fit, feasibility, memorability, and structural task-specificity rather than visual novelty alone.",controls/07-brand-strategy-and-creative-direction.md,controls.capability.concept-selection-rubric,control.bq-0255
BQ-0256,P0,07. Brand Strategy & Creative Direction,Brand-specific fingerprint,Contract,CREATIVE.md,Require multiple non-cosmetic design/interaction/structure decisions that could not plausibly be copied unchanged to a generic competitor; dense products must tie those decisions to task/data/workflow topology.,controls/07-brand-strategy-and-creative-direction.md,controls.capability.brand-specific-fingerprint,control.bq-0256
BQ-0257,P0,07. Brand Strategy & Creative Direction,Brand-specific fingerprint,Procedure,CREATIVE.md,Require multiple non-cosmetic design/interaction/structure decisions that could not plausibly be copied unchanged to a generic competitor; dense products must tie those decisions to task/data/workflow topology.,controls/07-brand-strategy-and-creative-direction.md,controls.capability.brand-specific-fingerprint,control.bq-0257
BQ-0258,P0,07. Brand Strategy & Creative Direction,Brand-specific fingerprint,Evidence Gate,CREATIVE.md,Require multiple non-cosmetic design/interaction/structure decisions that could not plausibly be copied unchanged to a generic competitor; dense products must tie those decisions to task/data/workflow topology.,controls/07-brand-strategy-and-creative-direction.md,controls.capability.brand-specific-fingerprint,control.bq-0258
BQ-0259,P0,07. Brand Strategy & Creative Direction,Brand-specific fingerprint,Recovery,CREATIVE.md,Require multiple non-cosmetic design/interaction/structure decisions that could not plausibly be copied unchanged to a generic competitor; dense products must tie those decisions to task/data/workflow topology.,controls/07-brand-strategy-and-creative-direction.md,controls.capability.brand-specific-fingerprint,control.bq-0259
BQ-0260,P0,07. Brand Strategy & Creative Direction,Brand-specific fingerprint,Regression,CREATIVE.md,Require multiple non-cosmetic design/interaction/structure decisions that could not plausibly be copied unchanged to a generic competitor; dense products must tie those decisions to task/data/workflow topology.,controls/07-brand-strategy-and-creative-direction.md,controls.capability.brand-specific-fingerprint,control.bq-0260
BQ-0261,P0,07. Brand Strategy & Creative Direction,Anti-template heuristics,Contract,CREATIVE.md / QA_GATES.md,"Detect recurring AI-template signatures such as interchangeable hero splits, equal cards, random gradients, pills, and decorative blobs.",controls/07-brand-strategy-and-creative-direction.md,controls.capability.anti-template-heuristics,control.bq-0261
BQ-0262,P0,07. Brand Strategy & Creative Direction,Anti-template heuristics,Procedure,CREATIVE.md / QA_GATES.md,"Detect recurring AI-template signatures such as interchangeable hero splits, equal cards, random gradients, pills, and decorative blobs.",controls/07-brand-strategy-and-creative-direction.md,controls.capability.anti-template-heuristics,control.bq-0262
BQ-0263,P0,07. Brand Strategy & Creative Direction,Anti-template heuristics,Evidence Gate,CREATIVE.md / QA_GATES.md,"Detect recurring AI-template signatures such as interchangeable hero splits, equal cards, random gradients, pills, and decorative blobs.",controls/07-brand-strategy-and-creative-direction.md,controls.capability.anti-template-heuristics,control.bq-0263
BQ-0264,P0,07. Brand Strategy & Creative Direction,Anti-template heuristics,Recovery,CREATIVE.md / QA_GATES.md,"Detect recurring AI-template signatures such as interchangeable hero splits, equal cards, random gradients, pills, and decorative blobs.",controls/07-brand-strategy-and-creative-direction.md,controls.capability.anti-template-heuristics,control.bq-0264
BQ-0265,P0,07. Brand Strategy & Creative Direction,Anti-template heuristics,Regression,CREATIVE.md / QA_GATES.md,"Detect recurring AI-template signatures such as interchangeable hero splits, equal cards, random gradients, pills, and decorative blobs.",controls/07-brand-strategy-and-creative-direction.md,controls.capability.anti-template-heuristics,control.bq-0265
BQ-0266,P1,07. Brand Strategy & Creative Direction,Visual tension control,Contract,CREATIVE.md,Define acceptable contrast between refinement and expressiveness so premium work is not reduced to safe blandness.,controls/07-brand-strategy-and-creative-direction.md,controls.capability.visual-tension-control,control.bq-0266
BQ-0267,P1,07. Brand Strategy & Creative Direction,Visual tension control,Procedure,CREATIVE.md,Define acceptable contrast between refinement and expressiveness so premium work is not reduced to safe blandness.,controls/07-brand-strategy-and-creative-direction.md,controls.capability.visual-tension-control,control.bq-0267
BQ-0268,P1,07. Brand Strategy & Creative Direction,Visual tension control,Evidence Gate,CREATIVE.md,Define acceptable contrast between refinement and expressiveness so premium work is not reduced to safe blandness.,controls/07-brand-strategy-and-creative-direction.md,controls.capability.visual-tension-control,control.bq-0268
BQ-0269,P1,07. Brand Strategy & Creative Direction,Visual tension control,Recovery,CREATIVE.md,Define acceptable contrast between refinement and expressiveness so premium work is not reduced to safe blandness.,controls/07-brand-strategy-and-creative-direction.md,controls.capability.visual-tension-control,control.bq-0269
BQ-0270,P1,07. Brand Strategy & Creative Direction,Visual tension control,Regression,CREATIVE.md,Define acceptable contrast between refinement and expressiveness so premium work is not reduced to safe blandness.,controls/07-brand-strategy-and-creative-direction.md,controls.capability.visual-tension-control,control.bq-0270
BQ-0271,P1,07. Brand Strategy & Creative Direction,Memorability test,Contract,CREATIVE.md / QA_GATES.md,"Require at least one distinctive, task- or domain-relevant visual/interaction/structural idea users could plausibly recall; decorative novelty alone does not satisfy memorability.",controls/07-brand-strategy-and-creative-direction.md,controls.capability.memorability-test,control.bq-0271
BQ-0272,P1,07. Brand Strategy & Creative Direction,Memorability test,Procedure,CREATIVE.md / QA_GATES.md,"Require at least one distinctive, task- or domain-relevant visual/interaction/structural idea users could plausibly recall; decorative novelty alone does not satisfy memorability.",controls/07-brand-strategy-and-creative-direction.md,controls.capability.memorability-test,control.bq-0272
BQ-0273,P1,07. Brand Strategy & Creative Direction,Memorability test,Evidence Gate,CREATIVE.md / QA_GATES.md,"Require at least one distinctive, task- or domain-relevant visual/interaction/structural idea users could plausibly recall; decorative novelty alone does not satisfy memorability.",controls/07-brand-strategy-and-creative-direction.md,controls.capability.memorability-test,control.bq-0273
BQ-0274,P1,07. Brand Strategy & Creative Direction,Memorability test,Recovery,CREATIVE.md / QA_GATES.md,"Require at least one distinctive, task- or domain-relevant visual/interaction/structural idea users could plausibly recall; decorative novelty alone does not satisfy memorability.",controls/07-brand-strategy-and-creative-direction.md,controls.capability.memorability-test,control.bq-0274
BQ-0275,P1,07. Brand Strategy & Creative Direction,Memorability test,Regression,CREATIVE.md / QA_GATES.md,"Require at least one distinctive, task- or domain-relevant visual/interaction/structural idea users could plausibly recall; decorative novelty alone does not satisfy memorability.",controls/07-brand-strategy-and-creative-direction.md,controls.capability.memorability-test,control.bq-0275
BQ-0276,P0,07. Brand Strategy & Creative Direction,Category-fit calibration,Contract,CREATIVE.md,"Prevent visual novelty from undermining trust, legibility, operational credibility, or category expectations.",controls/07-brand-strategy-and-creative-direction.md,controls.capability.category-fit-calibration,control.bq-0276
BQ-0277,P0,07. Brand Strategy & Creative Direction,Category-fit calibration,Procedure,CREATIVE.md,"Prevent visual novelty from undermining trust, legibility, operational credibility, or category expectations.",controls/07-brand-strategy-and-creative-direction.md,controls.capability.category-fit-calibration,control.bq-0277
BQ-0278,P0,07. Brand Strategy & Creative Direction,Category-fit calibration,Evidence Gate,CREATIVE.md,"Prevent visual novelty from undermining trust, legibility, operational credibility, or category expectations.",controls/07-brand-strategy-and-creative-direction.md,controls.capability.category-fit-calibration,control.bq-0278
BQ-0279,P0,07. Brand Strategy & Creative Direction,Category-fit calibration,Recovery,CREATIVE.md,"Prevent visual novelty from undermining trust, legibility, operational credibility, or category expectations.",controls/07-brand-strategy-and-creative-direction.md,controls.capability.category-fit-calibration,control.bq-0279
BQ-0280,P0,07. Brand Strategy & Creative Direction,Category-fit calibration,Regression,CREATIVE.md,"Prevent visual novelty from undermining trust, legibility, operational credibility, or category expectations.",controls/07-brand-strategy-and-creative-direction.md,controls.capability.category-fit-calibration,control.bq-0280
BQ-0281,P0,08. UX Strategy & Information Architecture,Primary-task mapping,Contract,STRUCTURE.md / FEATURES.md,"Identify the highest-value user tasks and ensure architecture, navigation, and calls to action prioritize them.",controls/08-ux-strategy-and-information-architecture.md,controls.capability.primary-task-mapping,control.bq-0281
BQ-0282,P0,08. UX Strategy & Information Architecture,Primary-task mapping,Procedure,STRUCTURE.md / FEATURES.md,"Identify the highest-value user tasks and ensure architecture, navigation, and calls to action prioritize them.",controls/08-ux-strategy-and-information-architecture.md,controls.capability.primary-task-mapping,control.bq-0282
BQ-0283,P0,08. UX Strategy & Information Architecture,Primary-task mapping,Evidence Gate,STRUCTURE.md / FEATURES.md,"Identify the highest-value user tasks and ensure architecture, navigation, and calls to action prioritize them.",controls/08-ux-strategy-and-information-architecture.md,controls.capability.primary-task-mapping,control.bq-0283
BQ-0284,P0,08. UX Strategy & Information Architecture,Primary-task mapping,Recovery,STRUCTURE.md / FEATURES.md,"Identify the highest-value user tasks and ensure architecture, navigation, and calls to action prioritize them.",controls/08-ux-strategy-and-information-architecture.md,controls.capability.primary-task-mapping,control.bq-0284
BQ-0285,P0,08. UX Strategy & Information Architecture,Primary-task mapping,Regression,STRUCTURE.md / FEATURES.md,"Identify the highest-value user tasks and ensure architecture, navigation, and calls to action prioritize them.",controls/08-ux-strategy-and-information-architecture.md,controls.capability.primary-task-mapping,control.bq-0285
BQ-0286,P1,08. UX Strategy & Information Architecture,Journey-state model,Contract,STRUCTURE.md / FEATURES.md,"Model discovery, evaluation, conversion, onboarding, use, recovery, and retention states where applicable.",controls/08-ux-strategy-and-information-architecture.md,controls.capability.journey-state-model,control.bq-0286
BQ-0287,P1,08. UX Strategy & Information Architecture,Journey-state model,Procedure,STRUCTURE.md / FEATURES.md,"Model discovery, evaluation, conversion, onboarding, use, recovery, and retention states where applicable.",controls/08-ux-strategy-and-information-architecture.md,controls.capability.journey-state-model,control.bq-0287
BQ-0288,P1,08. UX Strategy & Information Architecture,Journey-state model,Evidence Gate,STRUCTURE.md / FEATURES.md,"Model discovery, evaluation, conversion, onboarding, use, recovery, and retention states where applicable.",controls/08-ux-strategy-and-information-architecture.md,controls.capability.journey-state-model,control.bq-0288
BQ-0289,P1,08. UX Strategy & Information Architecture,Journey-state model,Recovery,STRUCTURE.md / FEATURES.md,"Model discovery, evaluation, conversion, onboarding, use, recovery, and retention states where applicable.",controls/08-ux-strategy-and-information-architecture.md,controls.capability.journey-state-model,control.bq-0289
BQ-0290,P1,08. UX Strategy & Information Architecture,Journey-state model,Regression,STRUCTURE.md / FEATURES.md,"Model discovery, evaluation, conversion, onboarding, use, recovery, and retention states where applicable.",controls/08-ux-strategy-and-information-architecture.md,controls.capability.journey-state-model,control.bq-0290
BQ-0291,P0,08. UX Strategy & Information Architecture,Information-scent standard,Contract,STRUCTURE.md,Require labels and navigation choices to predict destination content accurately without clever but ambiguous wording.,controls/08-ux-strategy-and-information-architecture.md,controls.capability.information-scent-standard,control.bq-0291
BQ-0292,P0,08. UX Strategy & Information Architecture,Information-scent standard,Procedure,STRUCTURE.md,Require labels and navigation choices to predict destination content accurately without clever but ambiguous wording.,controls/08-ux-strategy-and-information-architecture.md,controls.capability.information-scent-standard,control.bq-0292
BQ-0293,P0,08. UX Strategy & Information Architecture,Information-scent standard,Evidence Gate,STRUCTURE.md,Require labels and navigation choices to predict destination content accurately without clever but ambiguous wording.,controls/08-ux-strategy-and-information-architecture.md,controls.capability.information-scent-standard,control.bq-0293
BQ-0294,P0,08. UX Strategy & Information Architecture,Information-scent standard,Recovery,STRUCTURE.md,Require labels and navigation choices to predict destination content accurately without clever but ambiguous wording.,controls/08-ux-strategy-and-information-architecture.md,controls.capability.information-scent-standard,control.bq-0294
BQ-0295,P0,08. UX Strategy & Information Architecture,Information-scent standard,Regression,STRUCTURE.md,Require labels and navigation choices to predict destination content accurately without clever but ambiguous wording.,controls/08-ux-strategy-and-information-architecture.md,controls.capability.information-scent-standard,control.bq-0295
BQ-0296,P0,08. UX Strategy & Information Architecture,Content-priority hierarchy,Contract,STRUCTURE.md,"Rank proof, benefits, features, details, objections, and conversion elements according to user decision sequence.",controls/08-ux-strategy-and-information-architecture.md,controls.capability.content-priority-hierarchy,control.bq-0296
BQ-0297,P0,08. UX Strategy & Information Architecture,Content-priority hierarchy,Procedure,STRUCTURE.md,"Rank proof, benefits, features, details, objections, and conversion elements according to user decision sequence.",controls/08-ux-strategy-and-information-architecture.md,controls.capability.content-priority-hierarchy,control.bq-0297
BQ-0298,P0,08. UX Strategy & Information Architecture,Content-priority hierarchy,Evidence Gate,STRUCTURE.md,"Rank proof, benefits, features, details, objections, and conversion elements according to user decision sequence.",controls/08-ux-strategy-and-information-architecture.md,controls.capability.content-priority-hierarchy,control.bq-0298
BQ-0299,P0,08. UX Strategy & Information Architecture,Content-priority hierarchy,Recovery,STRUCTURE.md,"Rank proof, benefits, features, details, objections, and conversion elements according to user decision sequence.",controls/08-ux-strategy-and-information-architecture.md,controls.capability.content-priority-hierarchy,control.bq-0299
BQ-0300,P0,08. UX Strategy & Information Architecture,Content-priority hierarchy,Regression,STRUCTURE.md,"Rank proof, benefits, features, details, objections, and conversion elements according to user decision sequence.",controls/08-ux-strategy-and-information-architecture.md,controls.capability.content-priority-hierarchy,control.bq-0300
BQ-0301,P1,08. UX Strategy & Information Architecture,Navigation complexity budget,Contract,STRUCTURE.md,Set limits on top-level choices and progressive disclosure based on task complexity and audience expertise.,controls/08-ux-strategy-and-information-architecture.md,controls.capability.navigation-complexity-budget,control.bq-0301
BQ-0302,P1,08. UX Strategy & Information Architecture,Navigation complexity budget,Procedure,STRUCTURE.md,Set limits on top-level choices and progressive disclosure based on task complexity and audience expertise.,controls/08-ux-strategy-and-information-architecture.md,controls.capability.navigation-complexity-budget,control.bq-0302
BQ-0303,P1,08. UX Strategy & Information Architecture,Navigation complexity budget,Evidence Gate,STRUCTURE.md,Set limits on top-level choices and progressive disclosure based on task complexity and audience expertise.,controls/08-ux-strategy-and-information-architecture.md,controls.capability.navigation-complexity-budget,control.bq-0303
BQ-0304,P1,08. UX Strategy & Information Architecture,Navigation complexity budget,Recovery,STRUCTURE.md,Set limits on top-level choices and progressive disclosure based on task complexity and audience expertise.,controls/08-ux-strategy-and-information-architecture.md,controls.capability.navigation-complexity-budget,control.bq-0304
BQ-0305,P1,08. UX Strategy & Information Architecture,Navigation complexity budget,Regression,STRUCTURE.md,Set limits on top-level choices and progressive disclosure based on task complexity and audience expertise.,controls/08-ux-strategy-and-information-architecture.md,controls.capability.navigation-complexity-budget,control.bq-0305
BQ-0306,P0,08. UX Strategy & Information Architecture,Edge-state architecture,Contract,STRUCTURE.md / FEATURES.md,"Include empty, error, loading, permission, offline, no-result, expired, and destructive-action states in architecture when relevant.",controls/08-ux-strategy-and-information-architecture.md,controls.capability.edge-state-architecture,control.bq-0306
BQ-0307,P0,08. UX Strategy & Information Architecture,Edge-state architecture,Procedure,STRUCTURE.md / FEATURES.md,"Include empty, error, loading, permission, offline, no-result, expired, and destructive-action states in architecture when relevant.",controls/08-ux-strategy-and-information-architecture.md,controls.capability.edge-state-architecture,control.bq-0307
BQ-0308,P0,08. UX Strategy & Information Architecture,Edge-state architecture,Evidence Gate,STRUCTURE.md / FEATURES.md,"Include empty, error, loading, permission, offline, no-result, expired, and destructive-action states in architecture when relevant.",controls/08-ux-strategy-and-information-architecture.md,controls.capability.edge-state-architecture,control.bq-0308
BQ-0309,P0,08. UX Strategy & Information Architecture,Edge-state architecture,Recovery,STRUCTURE.md / FEATURES.md,"Include empty, error, loading, permission, offline, no-result, expired, and destructive-action states in architecture when relevant.",controls/08-ux-strategy-and-information-architecture.md,controls.capability.edge-state-architecture,control.bq-0309
BQ-0310,P0,08. UX Strategy & Information Architecture,Edge-state architecture,Regression,STRUCTURE.md / FEATURES.md,"Include empty, error, loading, permission, offline, no-result, expired, and destructive-action states in architecture when relevant.",controls/08-ux-strategy-and-information-architecture.md,controls.capability.edge-state-architecture,control.bq-0310
BQ-0311,P1,08. UX Strategy & Information Architecture,Cross-page continuity,Contract,STRUCTURE.md,"Preserve vocabulary, CTA semantics, hierarchy, and user state across pages instead of treating each page as an isolated composition.",controls/08-ux-strategy-and-information-architecture.md,controls.capability.cross-page-continuity,control.bq-0311
BQ-0312,P1,08. UX Strategy & Information Architecture,Cross-page continuity,Procedure,STRUCTURE.md,"Preserve vocabulary, CTA semantics, hierarchy, and user state across pages instead of treating each page as an isolated composition.",controls/08-ux-strategy-and-information-architecture.md,controls.capability.cross-page-continuity,control.bq-0312
BQ-0313,P1,08. UX Strategy & Information Architecture,Cross-page continuity,Evidence Gate,STRUCTURE.md,"Preserve vocabulary, CTA semantics, hierarchy, and user state across pages instead of treating each page as an isolated composition.",controls/08-ux-strategy-and-information-architecture.md,controls.capability.cross-page-continuity,control.bq-0313
BQ-0314,P1,08. UX Strategy & Information Architecture,Cross-page continuity,Recovery,STRUCTURE.md,"Preserve vocabulary, CTA semantics, hierarchy, and user state across pages instead of treating each page as an isolated composition.",controls/08-ux-strategy-and-information-architecture.md,controls.capability.cross-page-continuity,control.bq-0314
BQ-0315,P1,08. UX Strategy & Information Architecture,Cross-page continuity,Regression,STRUCTURE.md,"Preserve vocabulary, CTA semantics, hierarchy, and user state across pages instead of treating each page as an isolated composition.",controls/08-ux-strategy-and-information-architecture.md,controls.capability.cross-page-continuity,control.bq-0315
BQ-0316,P1,08. UX Strategy & Information Architecture,IA validation scenarios,Contract,QA_GATES.md,Test representative user goals against the proposed structure and fail designs that require unnecessary backtracking or hidden knowledge.,controls/08-ux-strategy-and-information-architecture.md,controls.capability.ia-validation-scenarios,control.bq-0316
BQ-0317,P1,08. UX Strategy & Information Architecture,IA validation scenarios,Procedure,QA_GATES.md,Test representative user goals against the proposed structure and fail designs that require unnecessary backtracking or hidden knowledge.,controls/08-ux-strategy-and-information-architecture.md,controls.capability.ia-validation-scenarios,control.bq-0317
BQ-0318,P1,08. UX Strategy & Information Architecture,IA validation scenarios,Evidence Gate,QA_GATES.md,Test representative user goals against the proposed structure and fail designs that require unnecessary backtracking or hidden knowledge.,controls/08-ux-strategy-and-information-architecture.md,controls.capability.ia-validation-scenarios,control.bq-0318
BQ-0319,P1,08. UX Strategy & Information Architecture,IA validation scenarios,Recovery,QA_GATES.md,Test representative user goals against the proposed structure and fail designs that require unnecessary backtracking or hidden knowledge.,controls/08-ux-strategy-and-information-architecture.md,controls.capability.ia-validation-scenarios,control.bq-0319
BQ-0320,P1,08. UX Strategy & Information Architecture,IA validation scenarios,Regression,QA_GATES.md,Test representative user goals against the proposed structure and fail designs that require unnecessary backtracking or hidden knowledge.,controls/08-ux-strategy-and-information-architecture.md,controls.capability.ia-validation-scenarios,control.bq-0320
BQ-0321,P0,"09. Layout, Composition & Spatial Hierarchy",Section-purpose uniqueness,Contract,CREATIVE.md / DESIGN.md,Require every major section to have a distinct communication purpose and composition rather than repeating one section template.,controls/09-layout-composition-and-spatial-hierarchy.md,controls.capability.section-purpose-uniqueness,control.bq-0321
BQ-0322,P0,"09. Layout, Composition & Spatial Hierarchy",Section-purpose uniqueness,Procedure,CREATIVE.md / DESIGN.md,Require every major section to have a distinct communication purpose and composition rather than repeating one section template.,controls/09-layout-composition-and-spatial-hierarchy.md,controls.capability.section-purpose-uniqueness,control.bq-0322
BQ-0323,P0,"09. Layout, Composition & Spatial Hierarchy",Section-purpose uniqueness,Evidence Gate,CREATIVE.md / DESIGN.md,Require every major section to have a distinct communication purpose and composition rather than repeating one section template.,controls/09-layout-composition-and-spatial-hierarchy.md,controls.capability.section-purpose-uniqueness,control.bq-0323
BQ-0324,P0,"09. Layout, Composition & Spatial Hierarchy",Section-purpose uniqueness,Recovery,CREATIVE.md / DESIGN.md,Require every major section to have a distinct communication purpose and composition rather than repeating one section template.,controls/09-layout-composition-and-spatial-hierarchy.md,controls.capability.section-purpose-uniqueness,control.bq-0324
BQ-0325,P0,"09. Layout, Composition & Spatial Hierarchy",Section-purpose uniqueness,Regression,CREATIVE.md / DESIGN.md,Require every major section to have a distinct communication purpose and composition rather than repeating one section template.,controls/09-layout-composition-and-spatial-hierarchy.md,controls.capability.section-purpose-uniqueness,control.bq-0325
BQ-0326,P0,"09. Layout, Composition & Spatial Hierarchy",Macro-rhythm system,Contract,CREATIVE.md / DESIGN.md,"Define deliberate alternation of density, whitespace, media, proof, interaction, and emphasis across the full page or product.",controls/09-layout-composition-and-spatial-hierarchy.md,controls.capability.macro-rhythm-system,control.bq-0326
BQ-0327,P0,"09. Layout, Composition & Spatial Hierarchy",Macro-rhythm system,Procedure,CREATIVE.md / DESIGN.md,"Define deliberate alternation of density, whitespace, media, proof, interaction, and emphasis across the full page or product.",controls/09-layout-composition-and-spatial-hierarchy.md,controls.capability.macro-rhythm-system,control.bq-0327
BQ-0328,P0,"09. Layout, Composition & Spatial Hierarchy",Macro-rhythm system,Evidence Gate,CREATIVE.md / DESIGN.md,"Define deliberate alternation of density, whitespace, media, proof, interaction, and emphasis across the full page or product.",controls/09-layout-composition-and-spatial-hierarchy.md,controls.capability.macro-rhythm-system,control.bq-0328
BQ-0329,P0,"09. Layout, Composition & Spatial Hierarchy",Macro-rhythm system,Recovery,CREATIVE.md / DESIGN.md,"Define deliberate alternation of density, whitespace, media, proof, interaction, and emphasis across the full page or product.",controls/09-layout-composition-and-spatial-hierarchy.md,controls.capability.macro-rhythm-system,control.bq-0329
BQ-0330,P0,"09. Layout, Composition & Spatial Hierarchy",Macro-rhythm system,Regression,CREATIVE.md / DESIGN.md,"Define deliberate alternation of density, whitespace, media, proof, interaction, and emphasis across the full page or product.",controls/09-layout-composition-and-spatial-hierarchy.md,controls.capability.macro-rhythm-system,control.bq-0330
BQ-0331,P1,"09. Layout, Composition & Spatial Hierarchy",Visual-anchor strategy,Contract,CREATIVE.md,Place strong focal anchors at intentional points so long pages do not feel uniformly weighted or visually flat.,controls/09-layout-composition-and-spatial-hierarchy.md,controls.capability.visual-anchor-strategy,control.bq-0331
BQ-0332,P1,"09. Layout, Composition & Spatial Hierarchy",Visual-anchor strategy,Procedure,CREATIVE.md,Place strong focal anchors at intentional points so long pages do not feel uniformly weighted or visually flat.,controls/09-layout-composition-and-spatial-hierarchy.md,controls.capability.visual-anchor-strategy,control.bq-0332
BQ-0333,P1,"09. Layout, Composition & Spatial Hierarchy",Visual-anchor strategy,Evidence Gate,CREATIVE.md,Place strong focal anchors at intentional points so long pages do not feel uniformly weighted or visually flat.,controls/09-layout-composition-and-spatial-hierarchy.md,controls.capability.visual-anchor-strategy,control.bq-0333
BQ-0334,P1,"09. Layout, Composition & Spatial Hierarchy",Visual-anchor strategy,Recovery,CREATIVE.md,Place strong focal anchors at intentional points so long pages do not feel uniformly weighted or visually flat.,controls/09-layout-composition-and-spatial-hierarchy.md,controls.capability.visual-anchor-strategy,control.bq-0334
BQ-0335,P1,"09. Layout, Composition & Spatial Hierarchy",Visual-anchor strategy,Regression,CREATIVE.md,Place strong focal anchors at intentional points so long pages do not feel uniformly weighted or visually flat.,controls/09-layout-composition-and-spatial-hierarchy.md,controls.capability.visual-anchor-strategy,control.bq-0335
BQ-0336,P1,"09. Layout, Composition & Spatial Hierarchy",Grid variation discipline,Contract,DESIGN.md,Allow controlled grid changes that support meaning while preserving alignment logic and responsive predictability.,controls/09-layout-composition-and-spatial-hierarchy.md,controls.capability.grid-variation-discipline,control.bq-0336
BQ-0337,P1,"09. Layout, Composition & Spatial Hierarchy",Grid variation discipline,Procedure,DESIGN.md,Allow controlled grid changes that support meaning while preserving alignment logic and responsive predictability.,controls/09-layout-composition-and-spatial-hierarchy.md,controls.capability.grid-variation-discipline,control.bq-0337
BQ-0338,P1,"09. Layout, Composition & Spatial Hierarchy",Grid variation discipline,Evidence Gate,DESIGN.md,Allow controlled grid changes that support meaning while preserving alignment logic and responsive predictability.,controls/09-layout-composition-and-spatial-hierarchy.md,controls.capability.grid-variation-discipline,control.bq-0338
BQ-0339,P1,"09. Layout, Composition & Spatial Hierarchy",Grid variation discipline,Recovery,DESIGN.md,Allow controlled grid changes that support meaning while preserving alignment logic and responsive predictability.,controls/09-layout-composition-and-spatial-hierarchy.md,controls.capability.grid-variation-discipline,control.bq-0339
BQ-0340,P1,"09. Layout, Composition & Spatial Hierarchy",Grid variation discipline,Regression,DESIGN.md,Allow controlled grid changes that support meaning while preserving alignment logic and responsive predictability.,controls/09-layout-composition-and-spatial-hierarchy.md,controls.capability.grid-variation-discipline,control.bq-0340
BQ-0341,P0,"09. Layout, Composition & Spatial Hierarchy",Hero composition diversity,Contract,CREATIVE.md,Require hero composition to emerge from brand and content needs rather than defaulting to text-left/image-right.,controls/09-layout-composition-and-spatial-hierarchy.md,controls.capability.hero-composition-diversity,control.bq-0341
BQ-0342,P0,"09. Layout, Composition & Spatial Hierarchy",Hero composition diversity,Procedure,CREATIVE.md,Require hero composition to emerge from brand and content needs rather than defaulting to text-left/image-right.,controls/09-layout-composition-and-spatial-hierarchy.md,controls.capability.hero-composition-diversity,control.bq-0342
BQ-0343,P0,"09. Layout, Composition & Spatial Hierarchy",Hero composition diversity,Evidence Gate,CREATIVE.md,Require hero composition to emerge from brand and content needs rather than defaulting to text-left/image-right.,controls/09-layout-composition-and-spatial-hierarchy.md,controls.capability.hero-composition-diversity,control.bq-0343
BQ-0344,P0,"09. Layout, Composition & Spatial Hierarchy",Hero composition diversity,Recovery,CREATIVE.md,Require hero composition to emerge from brand and content needs rather than defaulting to text-left/image-right.,controls/09-layout-composition-and-spatial-hierarchy.md,controls.capability.hero-composition-diversity,control.bq-0344
BQ-0345,P0,"09. Layout, Composition & Spatial Hierarchy",Hero composition diversity,Regression,CREATIVE.md,Require hero composition to emerge from brand and content needs rather than defaulting to text-left/image-right.,controls/09-layout-composition-and-spatial-hierarchy.md,controls.capability.hero-composition-diversity,control.bq-0345
BQ-0346,P0,"09. Layout, Composition & Spatial Hierarchy",Repetition detector,Contract,QA_GATES.md,"Measure repeated card structures, identical widths/spacing/alignment, generic dashboard/master-detail grammar, and other repetition that signals template construction; distinguish useful repeated data structures from convenience-driven sameness.",controls/09-layout-composition-and-spatial-hierarchy.md,controls.capability.repetition-detector,control.bq-0346
BQ-0347,P0,"09. Layout, Composition & Spatial Hierarchy",Repetition detector,Procedure,QA_GATES.md,"Measure repeated card structures, identical widths/spacing/alignment, generic dashboard/master-detail grammar, and other repetition that signals template construction; distinguish useful repeated data structures from convenience-driven sameness.",controls/09-layout-composition-and-spatial-hierarchy.md,controls.capability.repetition-detector,control.bq-0347
BQ-0348,P0,"09. Layout, Composition & Spatial Hierarchy",Repetition detector,Evidence Gate,QA_GATES.md,"Measure repeated card structures, identical widths/spacing/alignment, generic dashboard/master-detail grammar, and other repetition that signals template construction; distinguish useful repeated data structures from convenience-driven sameness.",controls/09-layout-composition-and-spatial-hierarchy.md,controls.capability.repetition-detector,control.bq-0348
BQ-0349,P0,"09. Layout, Composition & Spatial Hierarchy",Repetition detector,Recovery,QA_GATES.md,"Measure repeated card structures, identical widths/spacing/alignment, generic dashboard/master-detail grammar, and other repetition that signals template construction; distinguish useful repeated data structures from convenience-driven sameness.",controls/09-layout-composition-and-spatial-hierarchy.md,controls.capability.repetition-detector,control.bq-0349
BQ-0350,P0,"09. Layout, Composition & Spatial Hierarchy",Repetition detector,Regression,QA_GATES.md,"Measure repeated card structures, identical widths/spacing/alignment, generic dashboard/master-detail grammar, and other repetition that signals template construction; distinguish useful repeated data structures from convenience-driven sameness.",controls/09-layout-composition-and-spatial-hierarchy.md,controls.capability.repetition-detector,control.bq-0350
BQ-0351,P0,"09. Layout, Composition & Spatial Hierarchy",Viewport composition review,Contract,CREATIVE.md / QA_GATES.md,Evaluate what users see above the fold and at major scroll transitions instead of judging sections independently.,controls/09-layout-composition-and-spatial-hierarchy.md,controls.capability.viewport-composition-review,control.bq-0351
BQ-0352,P0,"09. Layout, Composition & Spatial Hierarchy",Viewport composition review,Procedure,CREATIVE.md / QA_GATES.md,Evaluate what users see above the fold and at major scroll transitions instead of judging sections independently.,controls/09-layout-composition-and-spatial-hierarchy.md,controls.capability.viewport-composition-review,control.bq-0352
BQ-0353,P0,"09. Layout, Composition & Spatial Hierarchy",Viewport composition review,Evidence Gate,CREATIVE.md / QA_GATES.md,Evaluate what users see above the fold and at major scroll transitions instead of judging sections independently.,controls/09-layout-composition-and-spatial-hierarchy.md,controls.capability.viewport-composition-review,control.bq-0353
BQ-0354,P0,"09. Layout, Composition & Spatial Hierarchy",Viewport composition review,Recovery,CREATIVE.md / QA_GATES.md,Evaluate what users see above the fold and at major scroll transitions instead of judging sections independently.,controls/09-layout-composition-and-spatial-hierarchy.md,controls.capability.viewport-composition-review,control.bq-0354
BQ-0355,P0,"09. Layout, Composition & Spatial Hierarchy",Viewport composition review,Regression,CREATIVE.md / QA_GATES.md,Evaluate what users see above the fold and at major scroll transitions instead of judging sections independently.,controls/09-layout-composition-and-spatial-hierarchy.md,controls.capability.viewport-composition-review,control.bq-0355
BQ-0356,P1,"09. Layout, Composition & Spatial Hierarchy",Whitespace intentionality,Contract,CREATIVE.md,"Distinguish premium breathing room from accidental emptiness by requiring whitespace to support hierarchy, focus, or rhythm.",controls/09-layout-composition-and-spatial-hierarchy.md,controls.capability.whitespace-intentionality,control.bq-0356
BQ-0357,P1,"09. Layout, Composition & Spatial Hierarchy",Whitespace intentionality,Procedure,CREATIVE.md,"Distinguish premium breathing room from accidental emptiness by requiring whitespace to support hierarchy, focus, or rhythm.",controls/09-layout-composition-and-spatial-hierarchy.md,controls.capability.whitespace-intentionality,control.bq-0357
BQ-0358,P1,"09. Layout, Composition & Spatial Hierarchy",Whitespace intentionality,Evidence Gate,CREATIVE.md,"Distinguish premium breathing room from accidental emptiness by requiring whitespace to support hierarchy, focus, or rhythm.",controls/09-layout-composition-and-spatial-hierarchy.md,controls.capability.whitespace-intentionality,control.bq-0358
BQ-0359,P1,"09. Layout, Composition & Spatial Hierarchy",Whitespace intentionality,Recovery,CREATIVE.md,"Distinguish premium breathing room from accidental emptiness by requiring whitespace to support hierarchy, focus, or rhythm.",controls/09-layout-composition-and-spatial-hierarchy.md,controls.capability.whitespace-intentionality,control.bq-0359
BQ-0360,P1,"09. Layout, Composition & Spatial Hierarchy",Whitespace intentionality,Regression,CREATIVE.md,"Distinguish premium breathing room from accidental emptiness by requiring whitespace to support hierarchy, focus, or rhythm.",controls/09-layout-composition-and-spatial-hierarchy.md,controls.capability.whitespace-intentionality,control.bq-0360
BQ-0361,P0,"10. Typography, Color & Design-System Foundations",Type-role specification,Contract,DESIGN.md / CREATIVE.md,"Define display, heading, body, label, metadata, numeric, and utility typography roles with explicit behavioral purpose.",controls/10-typography-color-and-design-system-foundations.md,controls.capability.type-role-specification,control.bq-0361
BQ-0362,P0,"10. Typography, Color & Design-System Foundations",Type-role specification,Procedure,DESIGN.md / CREATIVE.md,"Define display, heading, body, label, metadata, numeric, and utility typography roles with explicit behavioral purpose.",controls/10-typography-color-and-design-system-foundations.md,controls.capability.type-role-specification,control.bq-0362
BQ-0363,P0,"10. Typography, Color & Design-System Foundations",Type-role specification,Evidence Gate,DESIGN.md / CREATIVE.md,"Define display, heading, body, label, metadata, numeric, and utility typography roles with explicit behavioral purpose.",controls/10-typography-color-and-design-system-foundations.md,controls.capability.type-role-specification,control.bq-0363
BQ-0364,P0,"10. Typography, Color & Design-System Foundations",Type-role specification,Recovery,DESIGN.md / CREATIVE.md,"Define display, heading, body, label, metadata, numeric, and utility typography roles with explicit behavioral purpose.",controls/10-typography-color-and-design-system-foundations.md,controls.capability.type-role-specification,control.bq-0364
BQ-0365,P0,"10. Typography, Color & Design-System Foundations",Type-role specification,Regression,DESIGN.md / CREATIVE.md,"Define display, heading, body, label, metadata, numeric, and utility typography roles with explicit behavioral purpose.",controls/10-typography-color-and-design-system-foundations.md,controls.capability.type-role-specification,control.bq-0365
BQ-0366,P0,"10. Typography, Color & Design-System Foundations",Type-scale coherence,Contract,DESIGN.md,Use a bounded responsive scale with intentional jumps in hierarchy instead of arbitrary per-section font sizes.,controls/10-typography-color-and-design-system-foundations.md,controls.capability.type-scale-coherence,control.bq-0366
BQ-0367,P0,"10. Typography, Color & Design-System Foundations",Type-scale coherence,Procedure,DESIGN.md,Use a bounded responsive scale with intentional jumps in hierarchy instead of arbitrary per-section font sizes.,controls/10-typography-color-and-design-system-foundations.md,controls.capability.type-scale-coherence,control.bq-0367
BQ-0368,P0,"10. Typography, Color & Design-System Foundations",Type-scale coherence,Evidence Gate,DESIGN.md,Use a bounded responsive scale with intentional jumps in hierarchy instead of arbitrary per-section font sizes.,controls/10-typography-color-and-design-system-foundations.md,controls.capability.type-scale-coherence,control.bq-0368
BQ-0369,P0,"10. Typography, Color & Design-System Foundations",Type-scale coherence,Recovery,DESIGN.md,Use a bounded responsive scale with intentional jumps in hierarchy instead of arbitrary per-section font sizes.,controls/10-typography-color-and-design-system-foundations.md,controls.capability.type-scale-coherence,control.bq-0369
BQ-0370,P0,"10. Typography, Color & Design-System Foundations",Type-scale coherence,Regression,DESIGN.md,Use a bounded responsive scale with intentional jumps in hierarchy instead of arbitrary per-section font sizes.,controls/10-typography-color-and-design-system-foundations.md,controls.capability.type-scale-coherence,control.bq-0370
BQ-0371,P1,"10. Typography, Color & Design-System Foundations",Line-length control,Contract,DESIGN.md / CREATIVE.md,"Enforce readable measure for body, intro, legal, and dense UI text across viewports.",controls/10-typography-color-and-design-system-foundations.md,controls.capability.line-length-control,control.bq-0371
BQ-0372,P1,"10. Typography, Color & Design-System Foundations",Line-length control,Procedure,DESIGN.md / CREATIVE.md,"Enforce readable measure for body, intro, legal, and dense UI text across viewports.",controls/10-typography-color-and-design-system-foundations.md,controls.capability.line-length-control,control.bq-0372
BQ-0373,P1,"10. Typography, Color & Design-System Foundations",Line-length control,Evidence Gate,DESIGN.md / CREATIVE.md,"Enforce readable measure for body, intro, legal, and dense UI text across viewports.",controls/10-typography-color-and-design-system-foundations.md,controls.capability.line-length-control,control.bq-0373
BQ-0374,P1,"10. Typography, Color & Design-System Foundations",Line-length control,Recovery,DESIGN.md / CREATIVE.md,"Enforce readable measure for body, intro, legal, and dense UI text across viewports.",controls/10-typography-color-and-design-system-foundations.md,controls.capability.line-length-control,control.bq-0374
BQ-0375,P1,"10. Typography, Color & Design-System Foundations",Line-length control,Regression,DESIGN.md / CREATIVE.md,"Enforce readable measure for body, intro, legal, and dense UI text across viewports.",controls/10-typography-color-and-design-system-foundations.md,controls.capability.line-length-control,control.bq-0375
BQ-0376,P1,"10. Typography, Color & Design-System Foundations",Font-pairing rationale,Contract,CREATIVE.md,"Require font choices to support brand character, language coverage, performance, and readability rather than aesthetic novelty alone.",controls/10-typography-color-and-design-system-foundations.md,controls.capability.font-pairing-rationale,control.bq-0376
BQ-0377,P1,"10. Typography, Color & Design-System Foundations",Font-pairing rationale,Procedure,CREATIVE.md,"Require font choices to support brand character, language coverage, performance, and readability rather than aesthetic novelty alone.",controls/10-typography-color-and-design-system-foundations.md,controls.capability.font-pairing-rationale,control.bq-0377
BQ-0378,P1,"10. Typography, Color & Design-System Foundations",Font-pairing rationale,Evidence Gate,CREATIVE.md,"Require font choices to support brand character, language coverage, performance, and readability rather than aesthetic novelty alone.",controls/10-typography-color-and-design-system-foundations.md,controls.capability.font-pairing-rationale,control.bq-0378
BQ-0379,P1,"10. Typography, Color & Design-System Foundations",Font-pairing rationale,Recovery,CREATIVE.md,"Require font choices to support brand character, language coverage, performance, and readability rather than aesthetic novelty alone.",controls/10-typography-color-and-design-system-foundations.md,controls.capability.font-pairing-rationale,control.bq-0379
BQ-0380,P1,"10. Typography, Color & Design-System Foundations",Font-pairing rationale,Regression,CREATIVE.md,"Require font choices to support brand character, language coverage, performance, and readability rather than aesthetic novelty alone.",controls/10-typography-color-and-design-system-foundations.md,controls.capability.font-pairing-rationale,control.bq-0380
BQ-0381,P0,"10. Typography, Color & Design-System Foundations",Color-role semantics,Contract,DESIGN.md,"Assign colors to semantic roles such as canvas, surface, text, muted text, action, success, warning, danger, and focus.",controls/10-typography-color-and-design-system-foundations.md,controls.capability.color-role-semantics,control.bq-0381
BQ-0382,P0,"10. Typography, Color & Design-System Foundations",Color-role semantics,Procedure,DESIGN.md,"Assign colors to semantic roles such as canvas, surface, text, muted text, action, success, warning, danger, and focus.",controls/10-typography-color-and-design-system-foundations.md,controls.capability.color-role-semantics,control.bq-0382
BQ-0383,P0,"10. Typography, Color & Design-System Foundations",Color-role semantics,Evidence Gate,DESIGN.md,"Assign colors to semantic roles such as canvas, surface, text, muted text, action, success, warning, danger, and focus.",controls/10-typography-color-and-design-system-foundations.md,controls.capability.color-role-semantics,control.bq-0383
BQ-0384,P0,"10. Typography, Color & Design-System Foundations",Color-role semantics,Recovery,DESIGN.md,"Assign colors to semantic roles such as canvas, surface, text, muted text, action, success, warning, danger, and focus.",controls/10-typography-color-and-design-system-foundations.md,controls.capability.color-role-semantics,control.bq-0384
BQ-0385,P0,"10. Typography, Color & Design-System Foundations",Color-role semantics,Regression,DESIGN.md,"Assign colors to semantic roles such as canvas, surface, text, muted text, action, success, warning, danger, and focus.",controls/10-typography-color-and-design-system-foundations.md,controls.capability.color-role-semantics,control.bq-0385
BQ-0386,P0,"10. Typography, Color & Design-System Foundations",Contrast-system validation,Contract,DESIGN.md / QA_GATES.md,Validate color combinations at token level so accessible contrast is systemic rather than patched per component.,controls/10-typography-color-and-design-system-foundations.md,controls.capability.contrast-system-validation,control.bq-0386
BQ-0387,P0,"10. Typography, Color & Design-System Foundations",Contrast-system validation,Procedure,DESIGN.md / QA_GATES.md,Validate color combinations at token level so accessible contrast is systemic rather than patched per component.,controls/10-typography-color-and-design-system-foundations.md,controls.capability.contrast-system-validation,control.bq-0387
BQ-0388,P0,"10. Typography, Color & Design-System Foundations",Contrast-system validation,Evidence Gate,DESIGN.md / QA_GATES.md,Validate color combinations at token level so accessible contrast is systemic rather than patched per component.,controls/10-typography-color-and-design-system-foundations.md,controls.capability.contrast-system-validation,control.bq-0388
BQ-0389,P0,"10. Typography, Color & Design-System Foundations",Contrast-system validation,Recovery,DESIGN.md / QA_GATES.md,Validate color combinations at token level so accessible contrast is systemic rather than patched per component.,controls/10-typography-color-and-design-system-foundations.md,controls.capability.contrast-system-validation,control.bq-0389
BQ-0390,P0,"10. Typography, Color & Design-System Foundations",Contrast-system validation,Regression,DESIGN.md / QA_GATES.md,Validate color combinations at token level so accessible contrast is systemic rather than patched per component.,controls/10-typography-color-and-design-system-foundations.md,controls.capability.contrast-system-validation,control.bq-0390
BQ-0391,P1,"10. Typography, Color & Design-System Foundations",Surface-depth discipline,Contract,DESIGN.md / CREATIVE.md,"Define when borders, shadows, fills, overlays, and elevation are allowed to prevent generic card-heavy visual language.",controls/10-typography-color-and-design-system-foundations.md,controls.capability.surface-depth-discipline,control.bq-0391
BQ-0392,P1,"10. Typography, Color & Design-System Foundations",Surface-depth discipline,Procedure,DESIGN.md / CREATIVE.md,"Define when borders, shadows, fills, overlays, and elevation are allowed to prevent generic card-heavy visual language.",controls/10-typography-color-and-design-system-foundations.md,controls.capability.surface-depth-discipline,control.bq-0392
BQ-0393,P1,"10. Typography, Color & Design-System Foundations",Surface-depth discipline,Evidence Gate,DESIGN.md / CREATIVE.md,"Define when borders, shadows, fills, overlays, and elevation are allowed to prevent generic card-heavy visual language.",controls/10-typography-color-and-design-system-foundations.md,controls.capability.surface-depth-discipline,control.bq-0393
BQ-0394,P1,"10. Typography, Color & Design-System Foundations",Surface-depth discipline,Recovery,DESIGN.md / CREATIVE.md,"Define when borders, shadows, fills, overlays, and elevation are allowed to prevent generic card-heavy visual language.",controls/10-typography-color-and-design-system-foundations.md,controls.capability.surface-depth-discipline,control.bq-0394
BQ-0395,P1,"10. Typography, Color & Design-System Foundations",Surface-depth discipline,Regression,DESIGN.md / CREATIVE.md,"Define when borders, shadows, fills, overlays, and elevation are allowed to prevent generic card-heavy visual language.",controls/10-typography-color-and-design-system-foundations.md,controls.capability.surface-depth-discipline,control.bq-0395
BQ-0396,P0,"10. Typography, Color & Design-System Foundations",Token completeness,Contract,DESIGN.md,"Require production design tokens for spacing, radii, borders, typography, color, motion, z-index, containers, and breakpoints.",controls/10-typography-color-and-design-system-foundations.md,controls.capability.token-completeness,control.bq-0396
BQ-0397,P0,"10. Typography, Color & Design-System Foundations",Token completeness,Procedure,DESIGN.md,"Require production design tokens for spacing, radii, borders, typography, color, motion, z-index, containers, and breakpoints.",controls/10-typography-color-and-design-system-foundations.md,controls.capability.token-completeness,control.bq-0397
BQ-0398,P0,"10. Typography, Color & Design-System Foundations",Token completeness,Evidence Gate,DESIGN.md,"Require production design tokens for spacing, radii, borders, typography, color, motion, z-index, containers, and breakpoints.",controls/10-typography-color-and-design-system-foundations.md,controls.capability.token-completeness,control.bq-0398
BQ-0399,P0,"10. Typography, Color & Design-System Foundations",Token completeness,Recovery,DESIGN.md,"Require production design tokens for spacing, radii, borders, typography, color, motion, z-index, containers, and breakpoints.",controls/10-typography-color-and-design-system-foundations.md,controls.capability.token-completeness,control.bq-0399
BQ-0400,P0,"10. Typography, Color & Design-System Foundations",Token completeness,Regression,DESIGN.md,"Require production design tokens for spacing, radii, borders, typography, color, motion, z-index, containers, and breakpoints.",controls/10-typography-color-and-design-system-foundations.md,controls.capability.token-completeness,control.bq-0400
BQ-0401,P0,"11. Imagery, Illustration & Asset Generation",Proof-media hierarchy,Contract,ASSETS.md / CREATIVE.md,"Rank real photography, custom generated imagery, diagrams, product UI, illustration, icons, and decorative media by evidentiary value for the category.",controls/11-imagery-illustration-and-asset-generation.md,controls.capability.proof-media-hierarchy,control.bq-0401
BQ-0402,P0,"11. Imagery, Illustration & Asset Generation",Proof-media hierarchy,Procedure,ASSETS.md / CREATIVE.md,"Rank real photography, custom generated imagery, diagrams, product UI, illustration, icons, and decorative media by evidentiary value for the category.",controls/11-imagery-illustration-and-asset-generation.md,controls.capability.proof-media-hierarchy,control.bq-0402
BQ-0403,P0,"11. Imagery, Illustration & Asset Generation",Proof-media hierarchy,Evidence Gate,ASSETS.md / CREATIVE.md,"Rank real photography, custom generated imagery, diagrams, product UI, illustration, icons, and decorative media by evidentiary value for the category.",controls/11-imagery-illustration-and-asset-generation.md,controls.capability.proof-media-hierarchy,control.bq-0403
BQ-0404,P0,"11. Imagery, Illustration & Asset Generation",Proof-media hierarchy,Recovery,ASSETS.md / CREATIVE.md,"Rank real photography, custom generated imagery, diagrams, product UI, illustration, icons, and decorative media by evidentiary value for the category.",controls/11-imagery-illustration-and-asset-generation.md,controls.capability.proof-media-hierarchy,control.bq-0404
BQ-0405,P0,"11. Imagery, Illustration & Asset Generation",Proof-media hierarchy,Regression,ASSETS.md / CREATIVE.md,"Rank real photography, custom generated imagery, diagrams, product UI, illustration, icons, and decorative media by evidentiary value for the category.",controls/11-imagery-illustration-and-asset-generation.md,controls.capability.proof-media-hierarchy,control.bq-0405
BQ-0406,P0,"11. Imagery, Illustration & Asset Generation",Hero-media fidelity,Contract,ASSETS.md,Set a higher fidelity bar for dominant hero media than for secondary decorative assets.,controls/11-imagery-illustration-and-asset-generation.md,controls.capability.hero-media-fidelity,control.bq-0406
BQ-0407,P0,"11. Imagery, Illustration & Asset Generation",Hero-media fidelity,Procedure,ASSETS.md,Set a higher fidelity bar for dominant hero media than for secondary decorative assets.,controls/11-imagery-illustration-and-asset-generation.md,controls.capability.hero-media-fidelity,control.bq-0407
BQ-0408,P0,"11. Imagery, Illustration & Asset Generation",Hero-media fidelity,Evidence Gate,ASSETS.md,Set a higher fidelity bar for dominant hero media than for secondary decorative assets.,controls/11-imagery-illustration-and-asset-generation.md,controls.capability.hero-media-fidelity,control.bq-0408
BQ-0409,P0,"11. Imagery, Illustration & Asset Generation",Hero-media fidelity,Recovery,ASSETS.md,Set a higher fidelity bar for dominant hero media than for secondary decorative assets.,controls/11-imagery-illustration-and-asset-generation.md,controls.capability.hero-media-fidelity,control.bq-0409
BQ-0410,P0,"11. Imagery, Illustration & Asset Generation",Hero-media fidelity,Regression,ASSETS.md,Set a higher fidelity bar for dominant hero media than for secondary decorative assets.,controls/11-imagery-illustration-and-asset-generation.md,controls.capability.hero-media-fidelity,control.bq-0410
BQ-0411,P0,"11. Imagery, Illustration & Asset Generation",Custom-image art direction,Contract,ASSETS.md / CREATIVE.md,"Specify subject, framing, lighting, environment, negative space, crop safety, realism level, brand cues, and prohibited artifacts before generation.",controls/11-imagery-illustration-and-asset-generation.md,controls.capability.custom-image-art-direction,control.bq-0411
BQ-0412,P0,"11. Imagery, Illustration & Asset Generation",Custom-image art direction,Procedure,ASSETS.md / CREATIVE.md,"Specify subject, framing, lighting, environment, negative space, crop safety, realism level, brand cues, and prohibited artifacts before generation.",controls/11-imagery-illustration-and-asset-generation.md,controls.capability.custom-image-art-direction,control.bq-0412
BQ-0413,P0,"11. Imagery, Illustration & Asset Generation",Custom-image art direction,Evidence Gate,ASSETS.md / CREATIVE.md,"Specify subject, framing, lighting, environment, negative space, crop safety, realism level, brand cues, and prohibited artifacts before generation.",controls/11-imagery-illustration-and-asset-generation.md,controls.capability.custom-image-art-direction,control.bq-0413
BQ-0414,P0,"11. Imagery, Illustration & Asset Generation",Custom-image art direction,Recovery,ASSETS.md / CREATIVE.md,"Specify subject, framing, lighting, environment, negative space, crop safety, realism level, brand cues, and prohibited artifacts before generation.",controls/11-imagery-illustration-and-asset-generation.md,controls.capability.custom-image-art-direction,control.bq-0414
BQ-0415,P0,"11. Imagery, Illustration & Asset Generation",Custom-image art direction,Regression,ASSETS.md / CREATIVE.md,"Specify subject, framing, lighting, environment, negative space, crop safety, realism level, brand cues, and prohibited artifacts before generation.",controls/11-imagery-illustration-and-asset-generation.md,controls.capability.custom-image-art-direction,control.bq-0415
BQ-0416,P1,"11. Imagery, Illustration & Asset Generation",Asset-role inventory,Contract,ASSETS.md,"Plan every required visual asset by purpose, viewport, placement, format, fallback, and accessibility treatment before implementation.",controls/11-imagery-illustration-and-asset-generation.md,controls.capability.asset-role-inventory,control.bq-0416
BQ-0417,P1,"11. Imagery, Illustration & Asset Generation",Asset-role inventory,Procedure,ASSETS.md,"Plan every required visual asset by purpose, viewport, placement, format, fallback, and accessibility treatment before implementation.",controls/11-imagery-illustration-and-asset-generation.md,controls.capability.asset-role-inventory,control.bq-0417
BQ-0418,P1,"11. Imagery, Illustration & Asset Generation",Asset-role inventory,Evidence Gate,ASSETS.md,"Plan every required visual asset by purpose, viewport, placement, format, fallback, and accessibility treatment before implementation.",controls/11-imagery-illustration-and-asset-generation.md,controls.capability.asset-role-inventory,control.bq-0418
BQ-0419,P1,"11. Imagery, Illustration & Asset Generation",Asset-role inventory,Recovery,ASSETS.md,"Plan every required visual asset by purpose, viewport, placement, format, fallback, and accessibility treatment before implementation.",controls/11-imagery-illustration-and-asset-generation.md,controls.capability.asset-role-inventory,control.bq-0419
BQ-0420,P1,"11. Imagery, Illustration & Asset Generation",Asset-role inventory,Regression,ASSETS.md,"Plan every required visual asset by purpose, viewport, placement, format, fallback, and accessibility treatment before implementation.",controls/11-imagery-illustration-and-asset-generation.md,controls.capability.asset-role-inventory,control.bq-0420
BQ-0421,P0,"11. Imagery, Illustration & Asset Generation",Visual-consistency QA,Contract,ASSETS.md,"Check generated assets for consistent lighting, perspective, palette, subject treatment, rendering style, and brand world.",controls/11-imagery-illustration-and-asset-generation.md,controls.capability.visual-consistency-qa,control.bq-0421
BQ-0422,P0,"11. Imagery, Illustration & Asset Generation",Visual-consistency QA,Procedure,ASSETS.md,"Check generated assets for consistent lighting, perspective, palette, subject treatment, rendering style, and brand world.",controls/11-imagery-illustration-and-asset-generation.md,controls.capability.visual-consistency-qa,control.bq-0422
BQ-0423,P0,"11. Imagery, Illustration & Asset Generation",Visual-consistency QA,Evidence Gate,ASSETS.md,"Check generated assets for consistent lighting, perspective, palette, subject treatment, rendering style, and brand world.",controls/11-imagery-illustration-and-asset-generation.md,controls.capability.visual-consistency-qa,control.bq-0423
BQ-0424,P0,"11. Imagery, Illustration & Asset Generation",Visual-consistency QA,Recovery,ASSETS.md,"Check generated assets for consistent lighting, perspective, palette, subject treatment, rendering style, and brand world.",controls/11-imagery-illustration-and-asset-generation.md,controls.capability.visual-consistency-qa,control.bq-0424
BQ-0425,P0,"11. Imagery, Illustration & Asset Generation",Visual-consistency QA,Regression,ASSETS.md,"Check generated assets for consistent lighting, perspective, palette, subject treatment, rendering style, and brand world.",controls/11-imagery-illustration-and-asset-generation.md,controls.capability.visual-consistency-qa,control.bq-0425
BQ-0426,P0,"11. Imagery, Illustration & Asset Generation",Authenticity safeguards,Contract,ASSETS.md / LEGAL.md,"Prevent generated visuals from implying real projects, employees, certifications, locations, customers, or outcomes that do not exist.",controls/11-imagery-illustration-and-asset-generation.md,controls.capability.authenticity-safeguards,control.bq-0426
BQ-0427,P0,"11. Imagery, Illustration & Asset Generation",Authenticity safeguards,Procedure,ASSETS.md / LEGAL.md,"Prevent generated visuals from implying real projects, employees, certifications, locations, customers, or outcomes that do not exist.",controls/11-imagery-illustration-and-asset-generation.md,controls.capability.authenticity-safeguards,control.bq-0427
BQ-0428,P0,"11. Imagery, Illustration & Asset Generation",Authenticity safeguards,Evidence Gate,ASSETS.md / LEGAL.md,"Prevent generated visuals from implying real projects, employees, certifications, locations, customers, or outcomes that do not exist.",controls/11-imagery-illustration-and-asset-generation.md,controls.capability.authenticity-safeguards,control.bq-0428
BQ-0429,P0,"11. Imagery, Illustration & Asset Generation",Authenticity safeguards,Recovery,ASSETS.md / LEGAL.md,"Prevent generated visuals from implying real projects, employees, certifications, locations, customers, or outcomes that do not exist.",controls/11-imagery-illustration-and-asset-generation.md,controls.capability.authenticity-safeguards,control.bq-0429
BQ-0430,P0,"11. Imagery, Illustration & Asset Generation",Authenticity safeguards,Regression,ASSETS.md / LEGAL.md,"Prevent generated visuals from implying real projects, employees, certifications, locations, customers, or outcomes that do not exist.",controls/11-imagery-illustration-and-asset-generation.md,controls.capability.authenticity-safeguards,control.bq-0430
BQ-0431,P1,"11. Imagery, Illustration & Asset Generation",Responsive crop variants,Contract,ASSETS.md,Generate or author alternate crops/compositions when a single source image cannot maintain subject quality across desktop and mobile.,controls/11-imagery-illustration-and-asset-generation.md,controls.capability.responsive-crop-variants,control.bq-0431
BQ-0432,P1,"11. Imagery, Illustration & Asset Generation",Responsive crop variants,Procedure,ASSETS.md,Generate or author alternate crops/compositions when a single source image cannot maintain subject quality across desktop and mobile.,controls/11-imagery-illustration-and-asset-generation.md,controls.capability.responsive-crop-variants,control.bq-0432
BQ-0433,P1,"11. Imagery, Illustration & Asset Generation",Responsive crop variants,Evidence Gate,ASSETS.md,Generate or author alternate crops/compositions when a single source image cannot maintain subject quality across desktop and mobile.,controls/11-imagery-illustration-and-asset-generation.md,controls.capability.responsive-crop-variants,control.bq-0433
BQ-0434,P1,"11. Imagery, Illustration & Asset Generation",Responsive crop variants,Recovery,ASSETS.md,Generate or author alternate crops/compositions when a single source image cannot maintain subject quality across desktop and mobile.,controls/11-imagery-illustration-and-asset-generation.md,controls.capability.responsive-crop-variants,control.bq-0434
BQ-0435,P1,"11. Imagery, Illustration & Asset Generation",Responsive crop variants,Regression,ASSETS.md,Generate or author alternate crops/compositions when a single source image cannot maintain subject quality across desktop and mobile.,controls/11-imagery-illustration-and-asset-generation.md,controls.capability.responsive-crop-variants,control.bq-0435
BQ-0436,P0,"11. Imagery, Illustration & Asset Generation",Asset quality rejection,Contract,ASSETS.md / QA_GATES.md,"Reject technically valid local assets when they look like placeholders, clip art, low-detail diagrams, or generic AI filler.",controls/11-imagery-illustration-and-asset-generation.md,controls.capability.asset-quality-rejection,control.bq-0436
BQ-0437,P0,"11. Imagery, Illustration & Asset Generation",Asset quality rejection,Procedure,ASSETS.md / QA_GATES.md,"Reject technically valid local assets when they look like placeholders, clip art, low-detail diagrams, or generic AI filler.",controls/11-imagery-illustration-and-asset-generation.md,controls.capability.asset-quality-rejection,control.bq-0437
BQ-0438,P0,"11. Imagery, Illustration & Asset Generation",Asset quality rejection,Evidence Gate,ASSETS.md / QA_GATES.md,"Reject technically valid local assets when they look like placeholders, clip art, low-detail diagrams, or generic AI filler.",controls/11-imagery-illustration-and-asset-generation.md,controls.capability.asset-quality-rejection,control.bq-0438
BQ-0439,P0,"11. Imagery, Illustration & Asset Generation",Asset quality rejection,Recovery,ASSETS.md / QA_GATES.md,"Reject technically valid local assets when they look like placeholders, clip art, low-detail diagrams, or generic AI filler.",controls/11-imagery-illustration-and-asset-generation.md,controls.capability.asset-quality-rejection,control.bq-0439
BQ-0440,P0,"11. Imagery, Illustration & Asset Generation",Asset quality rejection,Regression,ASSETS.md / QA_GATES.md,"Reject technically valid local assets when they look like placeholders, clip art, low-detail diagrams, or generic AI filler.",controls/11-imagery-illustration-and-asset-generation.md,controls.capability.asset-quality-rejection,control.bq-0440
BQ-0441,P1,"12. Motion, Microinteraction & Behavioral Craft",Motion-purpose taxonomy,Contract,CREATIVE.md / DESIGN.md,"Classify motion as orientation, causality, feedback, continuity, emphasis, delight, or status and reject motion without a purpose.",controls/12-motion-microinteraction-and-behavioral-craft.md,controls.capability.motion-purpose-taxonomy,control.bq-0441
BQ-0442,P1,"12. Motion, Microinteraction & Behavioral Craft",Motion-purpose taxonomy,Procedure,CREATIVE.md / DESIGN.md,"Classify motion as orientation, causality, feedback, continuity, emphasis, delight, or status and reject motion without a purpose.",controls/12-motion-microinteraction-and-behavioral-craft.md,controls.capability.motion-purpose-taxonomy,control.bq-0442
BQ-0443,P1,"12. Motion, Microinteraction & Behavioral Craft",Motion-purpose taxonomy,Evidence Gate,CREATIVE.md / DESIGN.md,"Classify motion as orientation, causality, feedback, continuity, emphasis, delight, or status and reject motion without a purpose.",controls/12-motion-microinteraction-and-behavioral-craft.md,controls.capability.motion-purpose-taxonomy,control.bq-0443
BQ-0444,P1,"12. Motion, Microinteraction & Behavioral Craft",Motion-purpose taxonomy,Recovery,CREATIVE.md / DESIGN.md,"Classify motion as orientation, causality, feedback, continuity, emphasis, delight, or status and reject motion without a purpose.",controls/12-motion-microinteraction-and-behavioral-craft.md,controls.capability.motion-purpose-taxonomy,control.bq-0444
BQ-0445,P1,"12. Motion, Microinteraction & Behavioral Craft",Motion-purpose taxonomy,Regression,CREATIVE.md / DESIGN.md,"Classify motion as orientation, causality, feedback, continuity, emphasis, delight, or status and reject motion without a purpose.",controls/12-motion-microinteraction-and-behavioral-craft.md,controls.capability.motion-purpose-taxonomy,control.bq-0445
BQ-0446,P1,"12. Motion, Microinteraction & Behavioral Craft",Animation-duration tokens,Contract,DESIGN.md,"Define bounded duration and easing tokens for micro, standard, complex, and page-transition motion.",controls/12-motion-microinteraction-and-behavioral-craft.md,controls.capability.animation-duration-tokens,control.bq-0446
BQ-0447,P1,"12. Motion, Microinteraction & Behavioral Craft",Animation-duration tokens,Procedure,DESIGN.md,"Define bounded duration and easing tokens for micro, standard, complex, and page-transition motion.",controls/12-motion-microinteraction-and-behavioral-craft.md,controls.capability.animation-duration-tokens,control.bq-0447
BQ-0448,P1,"12. Motion, Microinteraction & Behavioral Craft",Animation-duration tokens,Evidence Gate,DESIGN.md,"Define bounded duration and easing tokens for micro, standard, complex, and page-transition motion.",controls/12-motion-microinteraction-and-behavioral-craft.md,controls.capability.animation-duration-tokens,control.bq-0448
BQ-0449,P1,"12. Motion, Microinteraction & Behavioral Craft",Animation-duration tokens,Recovery,DESIGN.md,"Define bounded duration and easing tokens for micro, standard, complex, and page-transition motion.",controls/12-motion-microinteraction-and-behavioral-craft.md,controls.capability.animation-duration-tokens,control.bq-0449
BQ-0450,P1,"12. Motion, Microinteraction & Behavioral Craft",Animation-duration tokens,Regression,DESIGN.md,"Define bounded duration and easing tokens for micro, standard, complex, and page-transition motion.",controls/12-motion-microinteraction-and-behavioral-craft.md,controls.capability.animation-duration-tokens,control.bq-0450
BQ-0451,P0,"12. Motion, Microinteraction & Behavioral Craft",Interaction-state completeness,Contract,DESIGN.md / FEATURES.md,"Specify default, hover, focus, active, selected, disabled, loading, success, error, and destructive states for interactive components.",controls/12-motion-microinteraction-and-behavioral-craft.md,controls.capability.interaction-state-completeness,control.bq-0451
BQ-0452,P0,"12. Motion, Microinteraction & Behavioral Craft",Interaction-state completeness,Procedure,DESIGN.md / FEATURES.md,"Specify default, hover, focus, active, selected, disabled, loading, success, error, and destructive states for interactive components.",controls/12-motion-microinteraction-and-behavioral-craft.md,controls.capability.interaction-state-completeness,control.bq-0452
BQ-0453,P0,"12. Motion, Microinteraction & Behavioral Craft",Interaction-state completeness,Evidence Gate,DESIGN.md / FEATURES.md,"Specify default, hover, focus, active, selected, disabled, loading, success, error, and destructive states for interactive components.",controls/12-motion-microinteraction-and-behavioral-craft.md,controls.capability.interaction-state-completeness,control.bq-0453
BQ-0454,P0,"12. Motion, Microinteraction & Behavioral Craft",Interaction-state completeness,Recovery,DESIGN.md / FEATURES.md,"Specify default, hover, focus, active, selected, disabled, loading, success, error, and destructive states for interactive components.",controls/12-motion-microinteraction-and-behavioral-craft.md,controls.capability.interaction-state-completeness,control.bq-0454
BQ-0455,P0,"12. Motion, Microinteraction & Behavioral Craft",Interaction-state completeness,Regression,DESIGN.md / FEATURES.md,"Specify default, hover, focus, active, selected, disabled, loading, success, error, and destructive states for interactive components.",controls/12-motion-microinteraction-and-behavioral-craft.md,controls.capability.interaction-state-completeness,control.bq-0455
BQ-0456,P0,"12. Motion, Microinteraction & Behavioral Craft",Reduced-motion equivalence,Contract,CREATIVE.md / QA_GATES.md,"Ensure reduced-motion users retain orientation, feedback, and task clarity rather than simply losing animated cues.",controls/12-motion-microinteraction-and-behavioral-craft.md,controls.capability.reduced-motion-equivalence,control.bq-0456
BQ-0457,P0,"12. Motion, Microinteraction & Behavioral Craft",Reduced-motion equivalence,Procedure,CREATIVE.md / QA_GATES.md,"Ensure reduced-motion users retain orientation, feedback, and task clarity rather than simply losing animated cues.",controls/12-motion-microinteraction-and-behavioral-craft.md,controls.capability.reduced-motion-equivalence,control.bq-0457
BQ-0458,P0,"12. Motion, Microinteraction & Behavioral Craft",Reduced-motion equivalence,Evidence Gate,CREATIVE.md / QA_GATES.md,"Ensure reduced-motion users retain orientation, feedback, and task clarity rather than simply losing animated cues.",controls/12-motion-microinteraction-and-behavioral-craft.md,controls.capability.reduced-motion-equivalence,control.bq-0458
BQ-0459,P0,"12. Motion, Microinteraction & Behavioral Craft",Reduced-motion equivalence,Recovery,CREATIVE.md / QA_GATES.md,"Ensure reduced-motion users retain orientation, feedback, and task clarity rather than simply losing animated cues.",controls/12-motion-microinteraction-and-behavioral-craft.md,controls.capability.reduced-motion-equivalence,control.bq-0459
BQ-0460,P0,"12. Motion, Microinteraction & Behavioral Craft",Reduced-motion equivalence,Regression,CREATIVE.md / QA_GATES.md,"Ensure reduced-motion users retain orientation, feedback, and task clarity rather than simply losing animated cues.",controls/12-motion-microinteraction-and-behavioral-craft.md,controls.capability.reduced-motion-equivalence,control.bq-0460
BQ-0461,P1,"12. Motion, Microinteraction & Behavioral Craft",Scroll-animation restraint,Contract,CREATIVE.md,Limit reveal-on-scroll effects so they do not become the primary source of visual interest or delay content comprehension.,controls/12-motion-microinteraction-and-behavioral-craft.md,controls.capability.scroll-animation-restraint,control.bq-0461
BQ-0462,P1,"12. Motion, Microinteraction & Behavioral Craft",Scroll-animation restraint,Procedure,CREATIVE.md,Limit reveal-on-scroll effects so they do not become the primary source of visual interest or delay content comprehension.,controls/12-motion-microinteraction-and-behavioral-craft.md,controls.capability.scroll-animation-restraint,control.bq-0462
BQ-0463,P1,"12. Motion, Microinteraction & Behavioral Craft",Scroll-animation restraint,Evidence Gate,CREATIVE.md,Limit reveal-on-scroll effects so they do not become the primary source of visual interest or delay content comprehension.,controls/12-motion-microinteraction-and-behavioral-craft.md,controls.capability.scroll-animation-restraint,control.bq-0463
BQ-0464,P1,"12. Motion, Microinteraction & Behavioral Craft",Scroll-animation restraint,Recovery,CREATIVE.md,Limit reveal-on-scroll effects so they do not become the primary source of visual interest or delay content comprehension.,controls/12-motion-microinteraction-and-behavioral-craft.md,controls.capability.scroll-animation-restraint,control.bq-0464
BQ-0465,P1,"12. Motion, Microinteraction & Behavioral Craft",Scroll-animation restraint,Regression,CREATIVE.md,Limit reveal-on-scroll effects so they do not become the primary source of visual interest or delay content comprehension.,controls/12-motion-microinteraction-and-behavioral-craft.md,controls.capability.scroll-animation-restraint,control.bq-0465
BQ-0466,P0,"12. Motion, Microinteraction & Behavioral Craft",Feedback latency standard,Contract,DESIGN.md / FEATURES.md,Provide immediate perceived feedback for user actions even when underlying work takes longer.,controls/12-motion-microinteraction-and-behavioral-craft.md,controls.capability.feedback-latency-standard,control.bq-0466
BQ-0467,P0,"12. Motion, Microinteraction & Behavioral Craft",Feedback latency standard,Procedure,DESIGN.md / FEATURES.md,Provide immediate perceived feedback for user actions even when underlying work takes longer.,controls/12-motion-microinteraction-and-behavioral-craft.md,controls.capability.feedback-latency-standard,control.bq-0467
BQ-0468,P0,"12. Motion, Microinteraction & Behavioral Craft",Feedback latency standard,Evidence Gate,DESIGN.md / FEATURES.md,Provide immediate perceived feedback for user actions even when underlying work takes longer.,controls/12-motion-microinteraction-and-behavioral-craft.md,controls.capability.feedback-latency-standard,control.bq-0468
BQ-0469,P0,"12. Motion, Microinteraction & Behavioral Craft",Feedback latency standard,Recovery,DESIGN.md / FEATURES.md,Provide immediate perceived feedback for user actions even when underlying work takes longer.,controls/12-motion-microinteraction-and-behavioral-craft.md,controls.capability.feedback-latency-standard,control.bq-0469
BQ-0470,P0,"12. Motion, Microinteraction & Behavioral Craft",Feedback latency standard,Regression,DESIGN.md / FEATURES.md,Provide immediate perceived feedback for user actions even when underlying work takes longer.,controls/12-motion-microinteraction-and-behavioral-craft.md,controls.capability.feedback-latency-standard,control.bq-0470
BQ-0471,P0,"12. Motion, Microinteraction & Behavioral Craft",Gesture discoverability,Contract,DESIGN.md,Avoid gesture-only interactions unless an accessible visible control or clear affordance also exists.,controls/12-motion-microinteraction-and-behavioral-craft.md,controls.capability.gesture-discoverability,control.bq-0471
BQ-0472,P0,"12. Motion, Microinteraction & Behavioral Craft",Gesture discoverability,Procedure,DESIGN.md,Avoid gesture-only interactions unless an accessible visible control or clear affordance also exists.,controls/12-motion-microinteraction-and-behavioral-craft.md,controls.capability.gesture-discoverability,control.bq-0472
BQ-0473,P0,"12. Motion, Microinteraction & Behavioral Craft",Gesture discoverability,Evidence Gate,DESIGN.md,Avoid gesture-only interactions unless an accessible visible control or clear affordance also exists.,controls/12-motion-microinteraction-and-behavioral-craft.md,controls.capability.gesture-discoverability,control.bq-0473
BQ-0474,P0,"12. Motion, Microinteraction & Behavioral Craft",Gesture discoverability,Recovery,DESIGN.md,Avoid gesture-only interactions unless an accessible visible control or clear affordance also exists.,controls/12-motion-microinteraction-and-behavioral-craft.md,controls.capability.gesture-discoverability,control.bq-0474
BQ-0475,P0,"12. Motion, Microinteraction & Behavioral Craft",Gesture discoverability,Regression,DESIGN.md,Avoid gesture-only interactions unless an accessible visible control or clear affordance also exists.,controls/12-motion-microinteraction-and-behavioral-craft.md,controls.capability.gesture-discoverability,control.bq-0475
BQ-0476,P1,"12. Motion, Microinteraction & Behavioral Craft",Motion performance budget,Contract,CREATIVE.md / PERFORMANCE,Prefer compositor-friendly properties and reject effects that materially degrade responsiveness or battery use.,controls/12-motion-microinteraction-and-behavioral-craft.md,controls.capability.motion-performance-budget,control.bq-0476
BQ-0477,P1,"12. Motion, Microinteraction & Behavioral Craft",Motion performance budget,Procedure,CREATIVE.md / PERFORMANCE,Prefer compositor-friendly properties and reject effects that materially degrade responsiveness or battery use.,controls/12-motion-microinteraction-and-behavioral-craft.md,controls.capability.motion-performance-budget,control.bq-0477
BQ-0478,P1,"12. Motion, Microinteraction & Behavioral Craft",Motion performance budget,Evidence Gate,CREATIVE.md / PERFORMANCE,Prefer compositor-friendly properties and reject effects that materially degrade responsiveness or battery use.,controls/12-motion-microinteraction-and-behavioral-craft.md,controls.capability.motion-performance-budget,control.bq-0478
BQ-0479,P1,"12. Motion, Microinteraction & Behavioral Craft",Motion performance budget,Recovery,CREATIVE.md / PERFORMANCE,Prefer compositor-friendly properties and reject effects that materially degrade responsiveness or battery use.,controls/12-motion-microinteraction-and-behavioral-craft.md,controls.capability.motion-performance-budget,control.bq-0479
BQ-0480,P1,"12. Motion, Microinteraction & Behavioral Craft",Motion performance budget,Regression,CREATIVE.md / PERFORMANCE,Prefer compositor-friendly properties and reject effects that materially degrade responsiveness or battery use.,controls/12-motion-microinteraction-and-behavioral-craft.md,controls.capability.motion-performance-budget,control.bq-0480
BQ-0481,P0,"13. Responsive, Mobile & Cross-Device Design",Responsive recomposition,Contract,CREATIVE.md / DESIGN.md,Require meaningful layout recomposition at narrow widths instead of merely stacking desktop columns.,controls/13-responsive-mobile-and-cross-device-design.md,controls.capability.responsive-recomposition,control.bq-0481
BQ-0482,P0,"13. Responsive, Mobile & Cross-Device Design",Responsive recomposition,Procedure,CREATIVE.md / DESIGN.md,Require meaningful layout recomposition at narrow widths instead of merely stacking desktop columns.,controls/13-responsive-mobile-and-cross-device-design.md,controls.capability.responsive-recomposition,control.bq-0482
BQ-0483,P0,"13. Responsive, Mobile & Cross-Device Design",Responsive recomposition,Evidence Gate,CREATIVE.md / DESIGN.md,Require meaningful layout recomposition at narrow widths instead of merely stacking desktop columns.,controls/13-responsive-mobile-and-cross-device-design.md,controls.capability.responsive-recomposition,control.bq-0483
BQ-0484,P0,"13. Responsive, Mobile & Cross-Device Design",Responsive recomposition,Recovery,CREATIVE.md / DESIGN.md,Require meaningful layout recomposition at narrow widths instead of merely stacking desktop columns.,controls/13-responsive-mobile-and-cross-device-design.md,controls.capability.responsive-recomposition,control.bq-0484
BQ-0485,P0,"13. Responsive, Mobile & Cross-Device Design",Responsive recomposition,Regression,CREATIVE.md / DESIGN.md,Require meaningful layout recomposition at narrow widths instead of merely stacking desktop columns.,controls/13-responsive-mobile-and-cross-device-design.md,controls.capability.responsive-recomposition,control.bq-0485
BQ-0486,P0,"13. Responsive, Mobile & Cross-Device Design",Mobile-first priority check,Contract,DESIGN.md / QA_GATES.md,"Verify that critical content, proof, navigation, CTAs, and P0/P1 task entry/completion controls remain reachable and usable on small screens; task-critical behavior may transform but may not disappear.",controls/13-responsive-mobile-and-cross-device-design.md,controls.capability.mobile-first-priority-check,control.bq-0486
BQ-0487,P0,"13. Responsive, Mobile & Cross-Device Design",Mobile-first priority check,Procedure,DESIGN.md / QA_GATES.md,"Verify that critical content, proof, navigation, CTAs, and P0/P1 task entry/completion controls remain reachable and usable on small screens; task-critical behavior may transform but may not disappear.",controls/13-responsive-mobile-and-cross-device-design.md,controls.capability.mobile-first-priority-check,control.bq-0487
BQ-0488,P0,"13. Responsive, Mobile & Cross-Device Design",Mobile-first priority check,Evidence Gate,DESIGN.md / QA_GATES.md,"Verify that critical content, proof, navigation, CTAs, and P0/P1 task entry/completion controls remain reachable and usable on small screens; task-critical behavior may transform but may not disappear.",controls/13-responsive-mobile-and-cross-device-design.md,controls.capability.mobile-first-priority-check,control.bq-0488
BQ-0489,P0,"13. Responsive, Mobile & Cross-Device Design",Mobile-first priority check,Recovery,DESIGN.md / QA_GATES.md,"Verify that critical content, proof, navigation, CTAs, and P0/P1 task entry/completion controls remain reachable and usable on small screens; task-critical behavior may transform but may not disappear.",controls/13-responsive-mobile-and-cross-device-design.md,controls.capability.mobile-first-priority-check,control.bq-0489
BQ-0490,P0,"13. Responsive, Mobile & Cross-Device Design",Mobile-first priority check,Regression,DESIGN.md / QA_GATES.md,"Verify that critical content, proof, navigation, CTAs, and P0/P1 task entry/completion controls remain reachable and usable on small screens; task-critical behavior may transform but may not disappear.",controls/13-responsive-mobile-and-cross-device-design.md,controls.capability.mobile-first-priority-check,control.bq-0490
BQ-0491,P1,"13. Responsive, Mobile & Cross-Device Design",Breakpoint rationale,Contract,DESIGN.md,Choose breakpoints from content failure points rather than device-name conventions alone.,controls/13-responsive-mobile-and-cross-device-design.md,controls.capability.breakpoint-rationale,control.bq-0491
BQ-0492,P1,"13. Responsive, Mobile & Cross-Device Design",Breakpoint rationale,Procedure,DESIGN.md,Choose breakpoints from content failure points rather than device-name conventions alone.,controls/13-responsive-mobile-and-cross-device-design.md,controls.capability.breakpoint-rationale,control.bq-0492
BQ-0493,P1,"13. Responsive, Mobile & Cross-Device Design",Breakpoint rationale,Evidence Gate,DESIGN.md,Choose breakpoints from content failure points rather than device-name conventions alone.,controls/13-responsive-mobile-and-cross-device-design.md,controls.capability.breakpoint-rationale,control.bq-0493
BQ-0494,P1,"13. Responsive, Mobile & Cross-Device Design",Breakpoint rationale,Recovery,DESIGN.md,Choose breakpoints from content failure points rather than device-name conventions alone.,controls/13-responsive-mobile-and-cross-device-design.md,controls.capability.breakpoint-rationale,control.bq-0494
BQ-0495,P1,"13. Responsive, Mobile & Cross-Device Design",Breakpoint rationale,Regression,DESIGN.md,Choose breakpoints from content failure points rather than device-name conventions alone.,controls/13-responsive-mobile-and-cross-device-design.md,controls.capability.breakpoint-rationale,control.bq-0495
BQ-0496,P0,"13. Responsive, Mobile & Cross-Device Design",Touch-target system,Contract,DESIGN.md / QA_GATES.md,"Enforce minimum usable target size, spacing, and edge avoidance for touch interactions.",controls/13-responsive-mobile-and-cross-device-design.md,controls.capability.touch-target-system,control.bq-0496
BQ-0497,P0,"13. Responsive, Mobile & Cross-Device Design",Touch-target system,Procedure,DESIGN.md / QA_GATES.md,"Enforce minimum usable target size, spacing, and edge avoidance for touch interactions.",controls/13-responsive-mobile-and-cross-device-design.md,controls.capability.touch-target-system,control.bq-0497
BQ-0498,P0,"13. Responsive, Mobile & Cross-Device Design",Touch-target system,Evidence Gate,DESIGN.md / QA_GATES.md,"Enforce minimum usable target size, spacing, and edge avoidance for touch interactions.",controls/13-responsive-mobile-and-cross-device-design.md,controls.capability.touch-target-system,control.bq-0498
BQ-0499,P0,"13. Responsive, Mobile & Cross-Device Design",Touch-target system,Recovery,DESIGN.md / QA_GATES.md,"Enforce minimum usable target size, spacing, and edge avoidance for touch interactions.",controls/13-responsive-mobile-and-cross-device-design.md,controls.capability.touch-target-system,control.bq-0499
BQ-0500,P0,"13. Responsive, Mobile & Cross-Device Design",Touch-target system,Regression,DESIGN.md / QA_GATES.md,"Enforce minimum usable target size, spacing, and edge avoidance for touch interactions.",controls/13-responsive-mobile-and-cross-device-design.md,controls.capability.touch-target-system,control.bq-0500
BQ-0501,P0,"13. Responsive, Mobile & Cross-Device Design",Mobile navigation states,Contract,STRUCTURE.md / DESIGN.md,"Specify open, close, focus, scroll-lock, nested navigation, escape, and orientation-change behavior.",controls/13-responsive-mobile-and-cross-device-design.md,controls.capability.mobile-navigation-states,control.bq-0501
BQ-0502,P0,"13. Responsive, Mobile & Cross-Device Design",Mobile navigation states,Procedure,STRUCTURE.md / DESIGN.md,"Specify open, close, focus, scroll-lock, nested navigation, escape, and orientation-change behavior.",controls/13-responsive-mobile-and-cross-device-design.md,controls.capability.mobile-navigation-states,control.bq-0502
BQ-0503,P0,"13. Responsive, Mobile & Cross-Device Design",Mobile navigation states,Evidence Gate,STRUCTURE.md / DESIGN.md,"Specify open, close, focus, scroll-lock, nested navigation, escape, and orientation-change behavior.",controls/13-responsive-mobile-and-cross-device-design.md,controls.capability.mobile-navigation-states,control.bq-0503
BQ-0504,P0,"13. Responsive, Mobile & Cross-Device Design",Mobile navigation states,Recovery,STRUCTURE.md / DESIGN.md,"Specify open, close, focus, scroll-lock, nested navigation, escape, and orientation-change behavior.",controls/13-responsive-mobile-and-cross-device-design.md,controls.capability.mobile-navigation-states,control.bq-0504
BQ-0505,P0,"13. Responsive, Mobile & Cross-Device Design",Mobile navigation states,Regression,STRUCTURE.md / DESIGN.md,"Specify open, close, focus, scroll-lock, nested navigation, escape, and orientation-change behavior.",controls/13-responsive-mobile-and-cross-device-design.md,controls.capability.mobile-navigation-states,control.bq-0505
BQ-0506,P1,"13. Responsive, Mobile & Cross-Device Design",Responsive-media policy,Contract,ASSETS.md / DESIGN.md,"Define source selection, crop, resolution, art direction, and loading behavior per viewport class.",controls/13-responsive-mobile-and-cross-device-design.md,controls.capability.responsive-media-policy,control.bq-0506
BQ-0507,P1,"13. Responsive, Mobile & Cross-Device Design",Responsive-media policy,Procedure,ASSETS.md / DESIGN.md,"Define source selection, crop, resolution, art direction, and loading behavior per viewport class.",controls/13-responsive-mobile-and-cross-device-design.md,controls.capability.responsive-media-policy,control.bq-0507
BQ-0508,P1,"13. Responsive, Mobile & Cross-Device Design",Responsive-media policy,Evidence Gate,ASSETS.md / DESIGN.md,"Define source selection, crop, resolution, art direction, and loading behavior per viewport class.",controls/13-responsive-mobile-and-cross-device-design.md,controls.capability.responsive-media-policy,control.bq-0508
BQ-0509,P1,"13. Responsive, Mobile & Cross-Device Design",Responsive-media policy,Recovery,ASSETS.md / DESIGN.md,"Define source selection, crop, resolution, art direction, and loading behavior per viewport class.",controls/13-responsive-mobile-and-cross-device-design.md,controls.capability.responsive-media-policy,control.bq-0509
BQ-0510,P1,"13. Responsive, Mobile & Cross-Device Design",Responsive-media policy,Regression,ASSETS.md / DESIGN.md,"Define source selection, crop, resolution, art direction, and loading behavior per viewport class.",controls/13-responsive-mobile-and-cross-device-design.md,controls.capability.responsive-media-policy,control.bq-0510
BQ-0511,P1,"13. Responsive, Mobile & Cross-Device Design",Dense-UI adaptation,Contract,DESIGN.md,"Preserve every P0/P1 monitor, inspect, edit, recover, and act task on 320/390 px through an explicit narrow-screen transformation; task-critical panes/actions may move into routes, drawers, sheets, or disclosures but may not disappear.",controls/13-responsive-mobile-and-cross-device-design.md,controls.capability.dense-ui-adaptation,control.bq-0511
BQ-0512,P1,"13. Responsive, Mobile & Cross-Device Design",Dense-UI adaptation,Procedure,DESIGN.md,"Preserve every P0/P1 monitor, inspect, edit, recover, and act task on 320/390 px through an explicit narrow-screen transformation; task-critical panes/actions may move into routes, drawers, sheets, or disclosures but may not disappear.",controls/13-responsive-mobile-and-cross-device-design.md,controls.capability.dense-ui-adaptation,control.bq-0512
BQ-0513,P1,"13. Responsive, Mobile & Cross-Device Design",Dense-UI adaptation,Evidence Gate,DESIGN.md,"Preserve every P0/P1 monitor, inspect, edit, recover, and act task on 320/390 px through an explicit narrow-screen transformation; task-critical panes/actions may move into routes, drawers, sheets, or disclosures but may not disappear.",controls/13-responsive-mobile-and-cross-device-design.md,controls.capability.dense-ui-adaptation,control.bq-0513
BQ-0514,P1,"13. Responsive, Mobile & Cross-Device Design",Dense-UI adaptation,Recovery,DESIGN.md,"Preserve every P0/P1 monitor, inspect, edit, recover, and act task on 320/390 px through an explicit narrow-screen transformation; task-critical panes/actions may move into routes, drawers, sheets, or disclosures but may not disappear.",controls/13-responsive-mobile-and-cross-device-design.md,controls.capability.dense-ui-adaptation,control.bq-0514
BQ-0515,P1,"13. Responsive, Mobile & Cross-Device Design",Dense-UI adaptation,Regression,DESIGN.md,"Preserve every P0/P1 monitor, inspect, edit, recover, and act task on 320/390 px through an explicit narrow-screen transformation; task-critical panes/actions may move into routes, drawers, sheets, or disclosures but may not disappear.",controls/13-responsive-mobile-and-cross-device-design.md,controls.capability.dense-ui-adaptation,control.bq-0515
BQ-0516,P2,"13. Responsive, Mobile & Cross-Device Design",Cross-device continuity,Contract,FEATURES.md / STRUCTURE.md,"Preserve user state, task context, and interaction semantics across viewport/device classes; every declared P0/P1 task must remain reachable and completable at required narrow widths.",controls/13-responsive-mobile-and-cross-device-design.md,controls.capability.cross-device-continuity,control.bq-0516
BQ-0517,P2,"13. Responsive, Mobile & Cross-Device Design",Cross-device continuity,Procedure,FEATURES.md / STRUCTURE.md,"Preserve user state, task context, and interaction semantics across viewport/device classes; every declared P0/P1 task must remain reachable and completable at required narrow widths.",controls/13-responsive-mobile-and-cross-device-design.md,controls.capability.cross-device-continuity,control.bq-0517
BQ-0518,P2,"13. Responsive, Mobile & Cross-Device Design",Cross-device continuity,Evidence Gate,FEATURES.md / STRUCTURE.md,"Preserve user state, task context, and interaction semantics across viewport/device classes; every declared P0/P1 task must remain reachable and completable at required narrow widths.",controls/13-responsive-mobile-and-cross-device-design.md,controls.capability.cross-device-continuity,control.bq-0518
BQ-0519,P2,"13. Responsive, Mobile & Cross-Device Design",Cross-device continuity,Recovery,FEATURES.md / STRUCTURE.md,"Preserve user state, task context, and interaction semantics across viewport/device classes; every declared P0/P1 task must remain reachable and completable at required narrow widths.",controls/13-responsive-mobile-and-cross-device-design.md,controls.capability.cross-device-continuity,control.bq-0519
BQ-0520,P2,"13. Responsive, Mobile & Cross-Device Design",Cross-device continuity,Regression,FEATURES.md / STRUCTURE.md,"Preserve user state, task context, and interaction semantics across viewport/device classes; every declared P0/P1 task must remain reachable and completable at required narrow widths.",controls/13-responsive-mobile-and-cross-device-design.md,controls.capability.cross-device-continuity,control.bq-0520
BQ-0521,P0,14. Accessibility & Inclusive Design,Semantic-structure requirement,Contract,DESIGN.md / QA_GATES.md,"Require appropriate landmarks, heading hierarchy, lists, forms, tables, dialogs, and controls before visual polish can pass.",controls/14-accessibility-and-inclusive-design.md,controls.capability.semantic-structure-requirement,control.bq-0521
BQ-0522,P0,14. Accessibility & Inclusive Design,Semantic-structure requirement,Procedure,DESIGN.md / QA_GATES.md,"Require appropriate landmarks, heading hierarchy, lists, forms, tables, dialogs, and controls before visual polish can pass.",controls/14-accessibility-and-inclusive-design.md,controls.capability.semantic-structure-requirement,control.bq-0522
BQ-0523,P0,14. Accessibility & Inclusive Design,Semantic-structure requirement,Evidence Gate,DESIGN.md / QA_GATES.md,"Require appropriate landmarks, heading hierarchy, lists, forms, tables, dialogs, and controls before visual polish can pass.",controls/14-accessibility-and-inclusive-design.md,controls.capability.semantic-structure-requirement,control.bq-0523
BQ-0524,P0,14. Accessibility & Inclusive Design,Semantic-structure requirement,Recovery,DESIGN.md / QA_GATES.md,"Require appropriate landmarks, heading hierarchy, lists, forms, tables, dialogs, and controls before visual polish can pass.",controls/14-accessibility-and-inclusive-design.md,controls.capability.semantic-structure-requirement,control.bq-0524
BQ-0525,P0,14. Accessibility & Inclusive Design,Semantic-structure requirement,Regression,DESIGN.md / QA_GATES.md,"Require appropriate landmarks, heading hierarchy, lists, forms, tables, dialogs, and controls before visual polish can pass.",controls/14-accessibility-and-inclusive-design.md,controls.capability.semantic-structure-requirement,control.bq-0525
BQ-0526,P0,14. Accessibility & Inclusive Design,Keyboard-completion gate,Contract,QA_GATES.md,Require every primary user flow to be completable with keyboard input alone where the platform supports it.,controls/14-accessibility-and-inclusive-design.md,controls.capability.keyboard-completion-gate,control.bq-0526
BQ-0527,P0,14. Accessibility & Inclusive Design,Keyboard-completion gate,Procedure,QA_GATES.md,Require every primary user flow to be completable with keyboard input alone where the platform supports it.,controls/14-accessibility-and-inclusive-design.md,controls.capability.keyboard-completion-gate,control.bq-0527
BQ-0528,P0,14. Accessibility & Inclusive Design,Keyboard-completion gate,Evidence Gate,QA_GATES.md,Require every primary user flow to be completable with keyboard input alone where the platform supports it.,controls/14-accessibility-and-inclusive-design.md,controls.capability.keyboard-completion-gate,control.bq-0528
BQ-0529,P0,14. Accessibility & Inclusive Design,Keyboard-completion gate,Recovery,QA_GATES.md,Require every primary user flow to be completable with keyboard input alone where the platform supports it.,controls/14-accessibility-and-inclusive-design.md,controls.capability.keyboard-completion-gate,control.bq-0529
BQ-0530,P0,14. Accessibility & Inclusive Design,Keyboard-completion gate,Regression,QA_GATES.md,Require every primary user flow to be completable with keyboard input alone where the platform supports it.,controls/14-accessibility-and-inclusive-design.md,controls.capability.keyboard-completion-gate,control.bq-0530
BQ-0531,P0,14. Accessibility & Inclusive Design,Focus-management standard,Contract,DESIGN.md / FEATURES.md,"Define focus entry, trapping, restoration, skip behavior, route changes, validation errors, and dynamic content updates.",controls/14-accessibility-and-inclusive-design.md,controls.capability.focus-management-standard,control.bq-0531
BQ-0532,P0,14. Accessibility & Inclusive Design,Focus-management standard,Procedure,DESIGN.md / FEATURES.md,"Define focus entry, trapping, restoration, skip behavior, route changes, validation errors, and dynamic content updates.",controls/14-accessibility-and-inclusive-design.md,controls.capability.focus-management-standard,control.bq-0532
BQ-0533,P0,14. Accessibility & Inclusive Design,Focus-management standard,Evidence Gate,DESIGN.md / FEATURES.md,"Define focus entry, trapping, restoration, skip behavior, route changes, validation errors, and dynamic content updates.",controls/14-accessibility-and-inclusive-design.md,controls.capability.focus-management-standard,control.bq-0533
BQ-0534,P0,14. Accessibility & Inclusive Design,Focus-management standard,Recovery,DESIGN.md / FEATURES.md,"Define focus entry, trapping, restoration, skip behavior, route changes, validation errors, and dynamic content updates.",controls/14-accessibility-and-inclusive-design.md,controls.capability.focus-management-standard,control.bq-0534
BQ-0535,P0,14. Accessibility & Inclusive Design,Focus-management standard,Regression,DESIGN.md / FEATURES.md,"Define focus entry, trapping, restoration, skip behavior, route changes, validation errors, and dynamic content updates.",controls/14-accessibility-and-inclusive-design.md,controls.capability.focus-management-standard,control.bq-0535
BQ-0536,P0,14. Accessibility & Inclusive Design,Accessible-name integrity,Contract,DESIGN.md / QA_GATES.md,"Verify interactive elements expose correct accessible names, roles, states, and descriptions without redundant announcements.",controls/14-accessibility-and-inclusive-design.md,controls.capability.accessible-name-integrity,control.bq-0536
BQ-0537,P0,14. Accessibility & Inclusive Design,Accessible-name integrity,Procedure,DESIGN.md / QA_GATES.md,"Verify interactive elements expose correct accessible names, roles, states, and descriptions without redundant announcements.",controls/14-accessibility-and-inclusive-design.md,controls.capability.accessible-name-integrity,control.bq-0537
BQ-0538,P0,14. Accessibility & Inclusive Design,Accessible-name integrity,Evidence Gate,DESIGN.md / QA_GATES.md,"Verify interactive elements expose correct accessible names, roles, states, and descriptions without redundant announcements.",controls/14-accessibility-and-inclusive-design.md,controls.capability.accessible-name-integrity,control.bq-0538
BQ-0539,P0,14. Accessibility & Inclusive Design,Accessible-name integrity,Recovery,DESIGN.md / QA_GATES.md,"Verify interactive elements expose correct accessible names, roles, states, and descriptions without redundant announcements.",controls/14-accessibility-and-inclusive-design.md,controls.capability.accessible-name-integrity,control.bq-0539
BQ-0540,P0,14. Accessibility & Inclusive Design,Accessible-name integrity,Regression,DESIGN.md / QA_GATES.md,"Verify interactive elements expose correct accessible names, roles, states, and descriptions without redundant announcements.",controls/14-accessibility-and-inclusive-design.md,controls.capability.accessible-name-integrity,control.bq-0540
BQ-0541,P0,14. Accessibility & Inclusive Design,Color-independence rule,Contract,DESIGN.md,"Never rely on color alone to communicate status, selection, error, category, or required action.",controls/14-accessibility-and-inclusive-design.md,controls.capability.color-independence-rule,control.bq-0541
BQ-0542,P0,14. Accessibility & Inclusive Design,Color-independence rule,Procedure,DESIGN.md,"Never rely on color alone to communicate status, selection, error, category, or required action.",controls/14-accessibility-and-inclusive-design.md,controls.capability.color-independence-rule,control.bq-0542
BQ-0543,P0,14. Accessibility & Inclusive Design,Color-independence rule,Evidence Gate,DESIGN.md,"Never rely on color alone to communicate status, selection, error, category, or required action.",controls/14-accessibility-and-inclusive-design.md,controls.capability.color-independence-rule,control.bq-0543
BQ-0544,P0,14. Accessibility & Inclusive Design,Color-independence rule,Recovery,DESIGN.md,"Never rely on color alone to communicate status, selection, error, category, or required action.",controls/14-accessibility-and-inclusive-design.md,controls.capability.color-independence-rule,control.bq-0544
BQ-0545,P0,14. Accessibility & Inclusive Design,Color-independence rule,Regression,DESIGN.md,"Never rely on color alone to communicate status, selection, error, category, or required action.",controls/14-accessibility-and-inclusive-design.md,controls.capability.color-independence-rule,control.bq-0545
BQ-0546,P1,14. Accessibility & Inclusive Design,Zoom-and-reflow test,Contract,QA_GATES.md,Test enlarged text and browser zoom so content remains usable without hidden controls or two-dimensional scrolling where avoidable.,controls/14-accessibility-and-inclusive-design.md,controls.capability.zoom-and-reflow-test,control.bq-0546
BQ-0547,P1,14. Accessibility & Inclusive Design,Zoom-and-reflow test,Procedure,QA_GATES.md,Test enlarged text and browser zoom so content remains usable without hidden controls or two-dimensional scrolling where avoidable.,controls/14-accessibility-and-inclusive-design.md,controls.capability.zoom-and-reflow-test,control.bq-0547
BQ-0548,P1,14. Accessibility & Inclusive Design,Zoom-and-reflow test,Evidence Gate,QA_GATES.md,Test enlarged text and browser zoom so content remains usable without hidden controls or two-dimensional scrolling where avoidable.,controls/14-accessibility-and-inclusive-design.md,controls.capability.zoom-and-reflow-test,control.bq-0548
BQ-0549,P1,14. Accessibility & Inclusive Design,Zoom-and-reflow test,Recovery,QA_GATES.md,Test enlarged text and browser zoom so content remains usable without hidden controls or two-dimensional scrolling where avoidable.,controls/14-accessibility-and-inclusive-design.md,controls.capability.zoom-and-reflow-test,control.bq-0549
BQ-0550,P1,14. Accessibility & Inclusive Design,Zoom-and-reflow test,Regression,QA_GATES.md,Test enlarged text and browser zoom so content remains usable without hidden controls or two-dimensional scrolling where avoidable.,controls/14-accessibility-and-inclusive-design.md,controls.capability.zoom-and-reflow-test,control.bq-0550
BQ-0551,P1,14. Accessibility & Inclusive Design,Cognitive-load review,Contract,CREATIVE.md / TERMINOLOGY.md,"Reduce unnecessary choices, jargon, interruptions, motion, and memory burden for complex or high-stakes tasks.",controls/14-accessibility-and-inclusive-design.md,controls.capability.cognitive-load-review,control.bq-0551
BQ-0552,P1,14. Accessibility & Inclusive Design,Cognitive-load review,Procedure,CREATIVE.md / TERMINOLOGY.md,"Reduce unnecessary choices, jargon, interruptions, motion, and memory burden for complex or high-stakes tasks.",controls/14-accessibility-and-inclusive-design.md,controls.capability.cognitive-load-review,control.bq-0552
BQ-0553,P1,14. Accessibility & Inclusive Design,Cognitive-load review,Evidence Gate,CREATIVE.md / TERMINOLOGY.md,"Reduce unnecessary choices, jargon, interruptions, motion, and memory burden for complex or high-stakes tasks.",controls/14-accessibility-and-inclusive-design.md,controls.capability.cognitive-load-review,control.bq-0553
BQ-0554,P1,14. Accessibility & Inclusive Design,Cognitive-load review,Recovery,CREATIVE.md / TERMINOLOGY.md,"Reduce unnecessary choices, jargon, interruptions, motion, and memory burden for complex or high-stakes tasks.",controls/14-accessibility-and-inclusive-design.md,controls.capability.cognitive-load-review,control.bq-0554
BQ-0555,P1,14. Accessibility & Inclusive Design,Cognitive-load review,Regression,CREATIVE.md / TERMINOLOGY.md,"Reduce unnecessary choices, jargon, interruptions, motion, and memory burden for complex or high-stakes tasks.",controls/14-accessibility-and-inclusive-design.md,controls.capability.cognitive-load-review,control.bq-0555
BQ-0556,P0,14. Accessibility & Inclusive Design,Media-accessibility strategy,Contract,ASSETS.md / QA_GATES.md,"Require meaningful alt text, captions, transcripts, decorative marking, and equivalent data descriptions based on media purpose.",controls/14-accessibility-and-inclusive-design.md,controls.capability.media-accessibility-strategy,control.bq-0556
BQ-0557,P0,14. Accessibility & Inclusive Design,Media-accessibility strategy,Procedure,ASSETS.md / QA_GATES.md,"Require meaningful alt text, captions, transcripts, decorative marking, and equivalent data descriptions based on media purpose.",controls/14-accessibility-and-inclusive-design.md,controls.capability.media-accessibility-strategy,control.bq-0557
BQ-0558,P0,14. Accessibility & Inclusive Design,Media-accessibility strategy,Evidence Gate,ASSETS.md / QA_GATES.md,"Require meaningful alt text, captions, transcripts, decorative marking, and equivalent data descriptions based on media purpose.",controls/14-accessibility-and-inclusive-design.md,controls.capability.media-accessibility-strategy,control.bq-0558
BQ-0559,P0,14. Accessibility & Inclusive Design,Media-accessibility strategy,Recovery,ASSETS.md / QA_GATES.md,"Require meaningful alt text, captions, transcripts, decorative marking, and equivalent data descriptions based on media purpose.",controls/14-accessibility-and-inclusive-design.md,controls.capability.media-accessibility-strategy,control.bq-0559
BQ-0560,P0,14. Accessibility & Inclusive Design,Media-accessibility strategy,Regression,ASSETS.md / QA_GATES.md,"Require meaningful alt text, captions, transcripts, decorative marking, and equivalent data descriptions based on media purpose.",controls/14-accessibility-and-inclusive-design.md,controls.capability.media-accessibility-strategy,control.bq-0560
BQ-0561,P0,"15. Content, Copy & Terminology",Message-hierarchy map,Contract,TERMINOLOGY.md / STRUCTURE.md,"Define the one primary message, supporting messages, proof, objections, and actions before writing page-level copy.",controls/15-content-copy-and-terminology.md,controls.capability.message-hierarchy-map,control.bq-0561
BQ-0562,P0,"15. Content, Copy & Terminology",Message-hierarchy map,Procedure,TERMINOLOGY.md / STRUCTURE.md,"Define the one primary message, supporting messages, proof, objections, and actions before writing page-level copy.",controls/15-content-copy-and-terminology.md,controls.capability.message-hierarchy-map,control.bq-0562
BQ-0563,P0,"15. Content, Copy & Terminology",Message-hierarchy map,Evidence Gate,TERMINOLOGY.md / STRUCTURE.md,"Define the one primary message, supporting messages, proof, objections, and actions before writing page-level copy.",controls/15-content-copy-and-terminology.md,controls.capability.message-hierarchy-map,control.bq-0563
BQ-0564,P0,"15. Content, Copy & Terminology",Message-hierarchy map,Recovery,TERMINOLOGY.md / STRUCTURE.md,"Define the one primary message, supporting messages, proof, objections, and actions before writing page-level copy.",controls/15-content-copy-and-terminology.md,controls.capability.message-hierarchy-map,control.bq-0564
BQ-0565,P0,"15. Content, Copy & Terminology",Message-hierarchy map,Regression,TERMINOLOGY.md / STRUCTURE.md,"Define the one primary message, supporting messages, proof, objections, and actions before writing page-level copy.",controls/15-content-copy-and-terminology.md,controls.capability.message-hierarchy-map,control.bq-0565
BQ-0566,P1,"15. Content, Copy & Terminology",Category-language calibration,Contract,TERMINOLOGY.md,Use vocabulary familiar to the target audience while preserving necessary industry precision and avoiding insider jargon.,controls/15-content-copy-and-terminology.md,controls.capability.category-language-calibration,control.bq-0566
BQ-0567,P1,"15. Content, Copy & Terminology",Category-language calibration,Procedure,TERMINOLOGY.md,Use vocabulary familiar to the target audience while preserving necessary industry precision and avoiding insider jargon.,controls/15-content-copy-and-terminology.md,controls.capability.category-language-calibration,control.bq-0567
BQ-0568,P1,"15. Content, Copy & Terminology",Category-language calibration,Evidence Gate,TERMINOLOGY.md,Use vocabulary familiar to the target audience while preserving necessary industry precision and avoiding insider jargon.,controls/15-content-copy-and-terminology.md,controls.capability.category-language-calibration,control.bq-0568
BQ-0569,P1,"15. Content, Copy & Terminology",Category-language calibration,Recovery,TERMINOLOGY.md,Use vocabulary familiar to the target audience while preserving necessary industry precision and avoiding insider jargon.,controls/15-content-copy-and-terminology.md,controls.capability.category-language-calibration,control.bq-0569
BQ-0570,P1,"15. Content, Copy & Terminology",Category-language calibration,Regression,TERMINOLOGY.md,Use vocabulary familiar to the target audience while preserving necessary industry precision and avoiding insider jargon.,controls/15-content-copy-and-terminology.md,controls.capability.category-language-calibration,control.bq-0570
BQ-0571,P0,"15. Content, Copy & Terminology",Claim-evidence pairing,Contract,TERMINOLOGY.md / LEGAL.md,"Require factual, comparative, performance, safety, expertise, and outcome claims to have appropriate evidence or softer wording.",controls/15-content-copy-and-terminology.md,controls.capability.claim-evidence-pairing,control.bq-0571
BQ-0572,P0,"15. Content, Copy & Terminology",Claim-evidence pairing,Procedure,TERMINOLOGY.md / LEGAL.md,"Require factual, comparative, performance, safety, expertise, and outcome claims to have appropriate evidence or softer wording.",controls/15-content-copy-and-terminology.md,controls.capability.claim-evidence-pairing,control.bq-0572
BQ-0573,P0,"15. Content, Copy & Terminology",Claim-evidence pairing,Evidence Gate,TERMINOLOGY.md / LEGAL.md,"Require factual, comparative, performance, safety, expertise, and outcome claims to have appropriate evidence or softer wording.",controls/15-content-copy-and-terminology.md,controls.capability.claim-evidence-pairing,control.bq-0573
BQ-0574,P0,"15. Content, Copy & Terminology",Claim-evidence pairing,Recovery,TERMINOLOGY.md / LEGAL.md,"Require factual, comparative, performance, safety, expertise, and outcome claims to have appropriate evidence or softer wording.",controls/15-content-copy-and-terminology.md,controls.capability.claim-evidence-pairing,control.bq-0574
BQ-0575,P0,"15. Content, Copy & Terminology",Claim-evidence pairing,Regression,TERMINOLOGY.md / LEGAL.md,"Require factual, comparative, performance, safety, expertise, and outcome claims to have appropriate evidence or softer wording.",controls/15-content-copy-and-terminology.md,controls.capability.claim-evidence-pairing,control.bq-0575
BQ-0576,P0,"15. Content, Copy & Terminology",CTA semantic specificity,Contract,TERMINOLOGY.md / CREATIVE.md,Prefer action labels that describe the next step and expected outcome rather than generic labels such as Learn More.,controls/15-content-copy-and-terminology.md,controls.capability.cta-semantic-specificity,control.bq-0576
BQ-0577,P0,"15. Content, Copy & Terminology",CTA semantic specificity,Procedure,TERMINOLOGY.md / CREATIVE.md,Prefer action labels that describe the next step and expected outcome rather than generic labels such as Learn More.,controls/15-content-copy-and-terminology.md,controls.capability.cta-semantic-specificity,control.bq-0577
BQ-0578,P0,"15. Content, Copy & Terminology",CTA semantic specificity,Evidence Gate,TERMINOLOGY.md / CREATIVE.md,Prefer action labels that describe the next step and expected outcome rather than generic labels such as Learn More.,controls/15-content-copy-and-terminology.md,controls.capability.cta-semantic-specificity,control.bq-0578
BQ-0579,P0,"15. Content, Copy & Terminology",CTA semantic specificity,Recovery,TERMINOLOGY.md / CREATIVE.md,Prefer action labels that describe the next step and expected outcome rather than generic labels such as Learn More.,controls/15-content-copy-and-terminology.md,controls.capability.cta-semantic-specificity,control.bq-0579
BQ-0580,P0,"15. Content, Copy & Terminology",CTA semantic specificity,Regression,TERMINOLOGY.md / CREATIVE.md,Prefer action labels that describe the next step and expected outcome rather than generic labels such as Learn More.,controls/15-content-copy-and-terminology.md,controls.capability.cta-semantic-specificity,control.bq-0580
BQ-0581,P1,"15. Content, Copy & Terminology",Content-density control,Contract,TERMINOLOGY.md / DESIGN.md,"Match copy length to decision complexity, scan patterns, viewport, and component role instead of maximizing brevity everywhere.",controls/15-content-copy-and-terminology.md,controls.capability.content-density-control,control.bq-0581
BQ-0582,P1,"15. Content, Copy & Terminology",Content-density control,Procedure,TERMINOLOGY.md / DESIGN.md,"Match copy length to decision complexity, scan patterns, viewport, and component role instead of maximizing brevity everywhere.",controls/15-content-copy-and-terminology.md,controls.capability.content-density-control,control.bq-0582
BQ-0583,P1,"15. Content, Copy & Terminology",Content-density control,Evidence Gate,TERMINOLOGY.md / DESIGN.md,"Match copy length to decision complexity, scan patterns, viewport, and component role instead of maximizing brevity everywhere.",controls/15-content-copy-and-terminology.md,controls.capability.content-density-control,control.bq-0583
BQ-0584,P1,"15. Content, Copy & Terminology",Content-density control,Recovery,TERMINOLOGY.md / DESIGN.md,"Match copy length to decision complexity, scan patterns, viewport, and component role instead of maximizing brevity everywhere.",controls/15-content-copy-and-terminology.md,controls.capability.content-density-control,control.bq-0584
BQ-0585,P1,"15. Content, Copy & Terminology",Content-density control,Regression,TERMINOLOGY.md / DESIGN.md,"Match copy length to decision complexity, scan patterns, viewport, and component role instead of maximizing brevity everywhere.",controls/15-content-copy-and-terminology.md,controls.capability.content-density-control,control.bq-0585
BQ-0586,P1,"15. Content, Copy & Terminology",Terminology registry,Contract,TERMINOLOGY.md,"Maintain preferred terms, forbidden synonyms, capitalization, abbreviations, product names, and role names for the project.",controls/15-content-copy-and-terminology.md,controls.capability.terminology-registry,control.bq-0586
BQ-0587,P1,"15. Content, Copy & Terminology",Terminology registry,Procedure,TERMINOLOGY.md,"Maintain preferred terms, forbidden synonyms, capitalization, abbreviations, product names, and role names for the project.",controls/15-content-copy-and-terminology.md,controls.capability.terminology-registry,control.bq-0587
BQ-0588,P1,"15. Content, Copy & Terminology",Terminology registry,Evidence Gate,TERMINOLOGY.md,"Maintain preferred terms, forbidden synonyms, capitalization, abbreviations, product names, and role names for the project.",controls/15-content-copy-and-terminology.md,controls.capability.terminology-registry,control.bq-0588
BQ-0589,P1,"15. Content, Copy & Terminology",Terminology registry,Recovery,TERMINOLOGY.md,"Maintain preferred terms, forbidden synonyms, capitalization, abbreviations, product names, and role names for the project.",controls/15-content-copy-and-terminology.md,controls.capability.terminology-registry,control.bq-0589
BQ-0590,P1,"15. Content, Copy & Terminology",Terminology registry,Regression,TERMINOLOGY.md,"Maintain preferred terms, forbidden synonyms, capitalization, abbreviations, product names, and role names for the project.",controls/15-content-copy-and-terminology.md,controls.capability.terminology-registry,control.bq-0590
BQ-0591,P0,"15. Content, Copy & Terminology",Microcopy state coverage,Contract,TERMINOLOGY.md / FEATURES.md,"Author production-quality copy for loading, empty, error, success, destructive, permission, and recovery states.",controls/15-content-copy-and-terminology.md,controls.capability.microcopy-state-coverage,control.bq-0591
BQ-0592,P0,"15. Content, Copy & Terminology",Microcopy state coverage,Procedure,TERMINOLOGY.md / FEATURES.md,"Author production-quality copy for loading, empty, error, success, destructive, permission, and recovery states.",controls/15-content-copy-and-terminology.md,controls.capability.microcopy-state-coverage,control.bq-0592
BQ-0593,P0,"15. Content, Copy & Terminology",Microcopy state coverage,Evidence Gate,TERMINOLOGY.md / FEATURES.md,"Author production-quality copy for loading, empty, error, success, destructive, permission, and recovery states.",controls/15-content-copy-and-terminology.md,controls.capability.microcopy-state-coverage,control.bq-0593
BQ-0594,P0,"15. Content, Copy & Terminology",Microcopy state coverage,Recovery,TERMINOLOGY.md / FEATURES.md,"Author production-quality copy for loading, empty, error, success, destructive, permission, and recovery states.",controls/15-content-copy-and-terminology.md,controls.capability.microcopy-state-coverage,control.bq-0594
BQ-0595,P0,"15. Content, Copy & Terminology",Microcopy state coverage,Regression,TERMINOLOGY.md / FEATURES.md,"Author production-quality copy for loading, empty, error, success, destructive, permission, and recovery states.",controls/15-content-copy-and-terminology.md,controls.capability.microcopy-state-coverage,control.bq-0595
BQ-0596,P0,"15. Content, Copy & Terminology",Content-realism gate,Contract,CREATIVE.md / QA_GATES.md,"Reject lorem ipsum, vague filler, fake metrics, fake testimonials, fake logos, and unnaturally generic marketing copy.",controls/15-content-copy-and-terminology.md,controls.capability.content-realism-gate,control.bq-0596
BQ-0597,P0,"15. Content, Copy & Terminology",Content-realism gate,Procedure,CREATIVE.md / QA_GATES.md,"Reject lorem ipsum, vague filler, fake metrics, fake testimonials, fake logos, and unnaturally generic marketing copy.",controls/15-content-copy-and-terminology.md,controls.capability.content-realism-gate,control.bq-0597
BQ-0598,P0,"15. Content, Copy & Terminology",Content-realism gate,Evidence Gate,CREATIVE.md / QA_GATES.md,"Reject lorem ipsum, vague filler, fake metrics, fake testimonials, fake logos, and unnaturally generic marketing copy.",controls/15-content-copy-and-terminology.md,controls.capability.content-realism-gate,control.bq-0598
BQ-0599,P0,"15. Content, Copy & Terminology",Content-realism gate,Recovery,CREATIVE.md / QA_GATES.md,"Reject lorem ipsum, vague filler, fake metrics, fake testimonials, fake logos, and unnaturally generic marketing copy.",controls/15-content-copy-and-terminology.md,controls.capability.content-realism-gate,control.bq-0599
BQ-0600,P0,"15. Content, Copy & Terminology",Content-realism gate,Regression,CREATIVE.md / QA_GATES.md,"Reject lorem ipsum, vague filler, fake metrics, fake testimonials, fake logos, and unnaturally generic marketing copy.",controls/15-content-copy-and-terminology.md,controls.capability.content-realism-gate,control.bq-0600
BQ-0601,P0,"16. Conversion, Trust & Business Outcomes",Conversion-path model,Contract,CREATIVE.md / FEATURES.md,"Map primary and secondary conversion paths including commitment level, required proof, friction, and post-action expectation.",controls/16-conversion-trust-and-business-outcomes.md,controls.capability.conversion-path-model,control.bq-0601
BQ-0602,P0,"16. Conversion, Trust & Business Outcomes",Conversion-path model,Procedure,CREATIVE.md / FEATURES.md,"Map primary and secondary conversion paths including commitment level, required proof, friction, and post-action expectation.",controls/16-conversion-trust-and-business-outcomes.md,controls.capability.conversion-path-model,control.bq-0602
BQ-0603,P0,"16. Conversion, Trust & Business Outcomes",Conversion-path model,Evidence Gate,CREATIVE.md / FEATURES.md,"Map primary and secondary conversion paths including commitment level, required proof, friction, and post-action expectation.",controls/16-conversion-trust-and-business-outcomes.md,controls.capability.conversion-path-model,control.bq-0603
BQ-0604,P0,"16. Conversion, Trust & Business Outcomes",Conversion-path model,Recovery,CREATIVE.md / FEATURES.md,"Map primary and secondary conversion paths including commitment level, required proof, friction, and post-action expectation.",controls/16-conversion-trust-and-business-outcomes.md,controls.capability.conversion-path-model,control.bq-0604
BQ-0605,P0,"16. Conversion, Trust & Business Outcomes",Conversion-path model,Regression,CREATIVE.md / FEATURES.md,"Map primary and secondary conversion paths including commitment level, required proof, friction, and post-action expectation.",controls/16-conversion-trust-and-business-outcomes.md,controls.capability.conversion-path-model,control.bq-0605
BQ-0606,P0,"16. Conversion, Trust & Business Outcomes",Trust-signal authenticity,Contract,CREATIVE.md / LEGAL.md,"Only use trust signals such as reviews, certifications, customer counts, guarantees, badges, or years in business when supported.",controls/16-conversion-trust-and-business-outcomes.md,controls.capability.trust-signal-authenticity,control.bq-0606
BQ-0607,P0,"16. Conversion, Trust & Business Outcomes",Trust-signal authenticity,Procedure,CREATIVE.md / LEGAL.md,"Only use trust signals such as reviews, certifications, customer counts, guarantees, badges, or years in business when supported.",controls/16-conversion-trust-and-business-outcomes.md,controls.capability.trust-signal-authenticity,control.bq-0607
BQ-0608,P0,"16. Conversion, Trust & Business Outcomes",Trust-signal authenticity,Evidence Gate,CREATIVE.md / LEGAL.md,"Only use trust signals such as reviews, certifications, customer counts, guarantees, badges, or years in business when supported.",controls/16-conversion-trust-and-business-outcomes.md,controls.capability.trust-signal-authenticity,control.bq-0608
BQ-0609,P0,"16. Conversion, Trust & Business Outcomes",Trust-signal authenticity,Recovery,CREATIVE.md / LEGAL.md,"Only use trust signals such as reviews, certifications, customer counts, guarantees, badges, or years in business when supported.",controls/16-conversion-trust-and-business-outcomes.md,controls.capability.trust-signal-authenticity,control.bq-0609
BQ-0610,P0,"16. Conversion, Trust & Business Outcomes",Trust-signal authenticity,Regression,CREATIVE.md / LEGAL.md,"Only use trust signals such as reviews, certifications, customer counts, guarantees, badges, or years in business when supported.",controls/16-conversion-trust-and-business-outcomes.md,controls.capability.trust-signal-authenticity,control.bq-0610
BQ-0611,P1,"16. Conversion, Trust & Business Outcomes",Objection coverage,Contract,CREATIVE.md / TERMINOLOGY.md,Identify likely buyer objections and answer them at the appropriate point in the decision journey.,controls/16-conversion-trust-and-business-outcomes.md,controls.capability.objection-coverage,control.bq-0611
BQ-0612,P1,"16. Conversion, Trust & Business Outcomes",Objection coverage,Procedure,CREATIVE.md / TERMINOLOGY.md,Identify likely buyer objections and answer them at the appropriate point in the decision journey.,controls/16-conversion-trust-and-business-outcomes.md,controls.capability.objection-coverage,control.bq-0612
BQ-0613,P1,"16. Conversion, Trust & Business Outcomes",Objection coverage,Evidence Gate,CREATIVE.md / TERMINOLOGY.md,Identify likely buyer objections and answer them at the appropriate point in the decision journey.,controls/16-conversion-trust-and-business-outcomes.md,controls.capability.objection-coverage,control.bq-0613
BQ-0614,P1,"16. Conversion, Trust & Business Outcomes",Objection coverage,Recovery,CREATIVE.md / TERMINOLOGY.md,Identify likely buyer objections and answer them at the appropriate point in the decision journey.,controls/16-conversion-trust-and-business-outcomes.md,controls.capability.objection-coverage,control.bq-0614
BQ-0615,P1,"16. Conversion, Trust & Business Outcomes",Objection coverage,Regression,CREATIVE.md / TERMINOLOGY.md,Identify likely buyer objections and answer them at the appropriate point in the decision journey.,controls/16-conversion-trust-and-business-outcomes.md,controls.capability.objection-coverage,control.bq-0615
BQ-0616,P0,"16. Conversion, Trust & Business Outcomes",Form-friction budget,Contract,FEATURES.md / DESIGN.md,Ask only for information necessary at the current conversion stage and defer nonessential fields.,controls/16-conversion-trust-and-business-outcomes.md,controls.capability.form-friction-budget,control.bq-0616
BQ-0617,P0,"16. Conversion, Trust & Business Outcomes",Form-friction budget,Procedure,FEATURES.md / DESIGN.md,Ask only for information necessary at the current conversion stage and defer nonessential fields.,controls/16-conversion-trust-and-business-outcomes.md,controls.capability.form-friction-budget,control.bq-0617
BQ-0618,P0,"16. Conversion, Trust & Business Outcomes",Form-friction budget,Evidence Gate,FEATURES.md / DESIGN.md,Ask only for information necessary at the current conversion stage and defer nonessential fields.,controls/16-conversion-trust-and-business-outcomes.md,controls.capability.form-friction-budget,control.bq-0618
BQ-0619,P0,"16. Conversion, Trust & Business Outcomes",Form-friction budget,Recovery,FEATURES.md / DESIGN.md,Ask only for information necessary at the current conversion stage and defer nonessential fields.,controls/16-conversion-trust-and-business-outcomes.md,controls.capability.form-friction-budget,control.bq-0619
BQ-0620,P0,"16. Conversion, Trust & Business Outcomes",Form-friction budget,Regression,FEATURES.md / DESIGN.md,Ask only for information necessary at the current conversion stage and defer nonessential fields.,controls/16-conversion-trust-and-business-outcomes.md,controls.capability.form-friction-budget,control.bq-0620
BQ-0621,P0,"16. Conversion, Trust & Business Outcomes",CTA hierarchy,Contract,CREATIVE.md / DESIGN.md,Define one dominant action per decision context and prevent competing primary CTAs from fragmenting attention.,controls/16-conversion-trust-and-business-outcomes.md,controls.capability.cta-hierarchy,control.bq-0621
BQ-0622,P0,"16. Conversion, Trust & Business Outcomes",CTA hierarchy,Procedure,CREATIVE.md / DESIGN.md,Define one dominant action per decision context and prevent competing primary CTAs from fragmenting attention.,controls/16-conversion-trust-and-business-outcomes.md,controls.capability.cta-hierarchy,control.bq-0622
BQ-0623,P0,"16. Conversion, Trust & Business Outcomes",CTA hierarchy,Evidence Gate,CREATIVE.md / DESIGN.md,Define one dominant action per decision context and prevent competing primary CTAs from fragmenting attention.,controls/16-conversion-trust-and-business-outcomes.md,controls.capability.cta-hierarchy,control.bq-0623
BQ-0624,P0,"16. Conversion, Trust & Business Outcomes",CTA hierarchy,Recovery,CREATIVE.md / DESIGN.md,Define one dominant action per decision context and prevent competing primary CTAs from fragmenting attention.,controls/16-conversion-trust-and-business-outcomes.md,controls.capability.cta-hierarchy,control.bq-0624
BQ-0625,P0,"16. Conversion, Trust & Business Outcomes",CTA hierarchy,Regression,CREATIVE.md / DESIGN.md,Define one dominant action per decision context and prevent competing primary CTAs from fragmenting attention.,controls/16-conversion-trust-and-business-outcomes.md,controls.capability.cta-hierarchy,control.bq-0625
BQ-0626,P0,"16. Conversion, Trust & Business Outcomes",Post-conversion clarity,Contract,FEATURES.md / TERMINOLOGY.md,"Tell users what happened, what happens next, expected timing when known, and how to correct mistakes.",controls/16-conversion-trust-and-business-outcomes.md,controls.capability.post-conversion-clarity,control.bq-0626
BQ-0627,P0,"16. Conversion, Trust & Business Outcomes",Post-conversion clarity,Procedure,FEATURES.md / TERMINOLOGY.md,"Tell users what happened, what happens next, expected timing when known, and how to correct mistakes.",controls/16-conversion-trust-and-business-outcomes.md,controls.capability.post-conversion-clarity,control.bq-0627
BQ-0628,P0,"16. Conversion, Trust & Business Outcomes",Post-conversion clarity,Evidence Gate,FEATURES.md / TERMINOLOGY.md,"Tell users what happened, what happens next, expected timing when known, and how to correct mistakes.",controls/16-conversion-trust-and-business-outcomes.md,controls.capability.post-conversion-clarity,control.bq-0628
BQ-0629,P0,"16. Conversion, Trust & Business Outcomes",Post-conversion clarity,Recovery,FEATURES.md / TERMINOLOGY.md,"Tell users what happened, what happens next, expected timing when known, and how to correct mistakes.",controls/16-conversion-trust-and-business-outcomes.md,controls.capability.post-conversion-clarity,control.bq-0629
BQ-0630,P0,"16. Conversion, Trust & Business Outcomes",Post-conversion clarity,Regression,FEATURES.md / TERMINOLOGY.md,"Tell users what happened, what happens next, expected timing when known, and how to correct mistakes.",controls/16-conversion-trust-and-business-outcomes.md,controls.capability.post-conversion-clarity,control.bq-0630
BQ-0631,P1,"16. Conversion, Trust & Business Outcomes",Trust-before-ask sequencing,Contract,CREATIVE.md,Place relevant proof and expectation-setting before high-commitment asks instead of relying on repeated buttons alone.,controls/16-conversion-trust-and-business-outcomes.md,controls.capability.trust-before-ask-sequencing,control.bq-0631
BQ-0632,P1,"16. Conversion, Trust & Business Outcomes",Trust-before-ask sequencing,Procedure,CREATIVE.md,Place relevant proof and expectation-setting before high-commitment asks instead of relying on repeated buttons alone.,controls/16-conversion-trust-and-business-outcomes.md,controls.capability.trust-before-ask-sequencing,control.bq-0632
BQ-0633,P1,"16. Conversion, Trust & Business Outcomes",Trust-before-ask sequencing,Evidence Gate,CREATIVE.md,Place relevant proof and expectation-setting before high-commitment asks instead of relying on repeated buttons alone.,controls/16-conversion-trust-and-business-outcomes.md,controls.capability.trust-before-ask-sequencing,control.bq-0633
BQ-0634,P1,"16. Conversion, Trust & Business Outcomes",Trust-before-ask sequencing,Recovery,CREATIVE.md,Place relevant proof and expectation-setting before high-commitment asks instead of relying on repeated buttons alone.,controls/16-conversion-trust-and-business-outcomes.md,controls.capability.trust-before-ask-sequencing,control.bq-0634
BQ-0635,P1,"16. Conversion, Trust & Business Outcomes",Trust-before-ask sequencing,Regression,CREATIVE.md,Place relevant proof and expectation-setting before high-commitment asks instead of relying on repeated buttons alone.,controls/16-conversion-trust-and-business-outcomes.md,controls.capability.trust-before-ask-sequencing,control.bq-0635
BQ-0636,P0,"16. Conversion, Trust & Business Outcomes",Ethical-conversion guard,Contract,CREATIVE.md / LEGAL.md,"Reject dark patterns, disguised ads, false urgency, preselected consent, obstructive cancellation, and manipulative scarcity.",controls/16-conversion-trust-and-business-outcomes.md,controls.capability.ethical-conversion-guard,control.bq-0636
BQ-0637,P0,"16. Conversion, Trust & Business Outcomes",Ethical-conversion guard,Procedure,CREATIVE.md / LEGAL.md,"Reject dark patterns, disguised ads, false urgency, preselected consent, obstructive cancellation, and manipulative scarcity.",controls/16-conversion-trust-and-business-outcomes.md,controls.capability.ethical-conversion-guard,control.bq-0637
BQ-0638,P0,"16. Conversion, Trust & Business Outcomes",Ethical-conversion guard,Evidence Gate,CREATIVE.md / LEGAL.md,"Reject dark patterns, disguised ads, false urgency, preselected consent, obstructive cancellation, and manipulative scarcity.",controls/16-conversion-trust-and-business-outcomes.md,controls.capability.ethical-conversion-guard,control.bq-0638
BQ-0639,P0,"16. Conversion, Trust & Business Outcomes",Ethical-conversion guard,Recovery,CREATIVE.md / LEGAL.md,"Reject dark patterns, disguised ads, false urgency, preselected consent, obstructive cancellation, and manipulative scarcity.",controls/16-conversion-trust-and-business-outcomes.md,controls.capability.ethical-conversion-guard,control.bq-0639
BQ-0640,P0,"16. Conversion, Trust & Business Outcomes",Ethical-conversion guard,Regression,CREATIVE.md / LEGAL.md,"Reject dark patterns, disguised ads, false urgency, preselected consent, obstructive cancellation, and manipulative scarcity.",controls/16-conversion-trust-and-business-outcomes.md,controls.capability.ethical-conversion-guard,control.bq-0640
BQ-0641,P0,17. Front-End Engineering & Component Implementation,Semantic-component mapping,Contract,DESIGN.md / STRUCTURE.md,Map design-system components to semantic HTML or platform-native controls before custom behavior is introduced.,controls/17-front-end-engineering-and-component-implementation.md,controls.capability.semantic-component-mapping,control.bq-0641
BQ-0642,P0,17. Front-End Engineering & Component Implementation,Semantic-component mapping,Procedure,DESIGN.md / STRUCTURE.md,Map design-system components to semantic HTML or platform-native controls before custom behavior is introduced.,controls/17-front-end-engineering-and-component-implementation.md,controls.capability.semantic-component-mapping,control.bq-0642
BQ-0643,P0,17. Front-End Engineering & Component Implementation,Semantic-component mapping,Evidence Gate,DESIGN.md / STRUCTURE.md,Map design-system components to semantic HTML or platform-native controls before custom behavior is introduced.,controls/17-front-end-engineering-and-component-implementation.md,controls.capability.semantic-component-mapping,control.bq-0643
BQ-0644,P0,17. Front-End Engineering & Component Implementation,Semantic-component mapping,Recovery,DESIGN.md / STRUCTURE.md,Map design-system components to semantic HTML or platform-native controls before custom behavior is introduced.,controls/17-front-end-engineering-and-component-implementation.md,controls.capability.semantic-component-mapping,control.bq-0644
BQ-0645,P0,17. Front-End Engineering & Component Implementation,Semantic-component mapping,Regression,DESIGN.md / STRUCTURE.md,Map design-system components to semantic HTML or platform-native controls before custom behavior is introduced.,controls/17-front-end-engineering-and-component-implementation.md,controls.capability.semantic-component-mapping,control.bq-0645
BQ-0646,P1,17. Front-End Engineering & Component Implementation,Component API discipline,Contract,DESIGN.md / FEATURES.md,"Define component props, states, variants, composition rules, and invalid combinations to prevent one-off divergence.",controls/17-front-end-engineering-and-component-implementation.md,controls.capability.component-api-discipline,control.bq-0646
BQ-0647,P1,17. Front-End Engineering & Component Implementation,Component API discipline,Procedure,DESIGN.md / FEATURES.md,"Define component props, states, variants, composition rules, and invalid combinations to prevent one-off divergence.",controls/17-front-end-engineering-and-component-implementation.md,controls.capability.component-api-discipline,control.bq-0647
BQ-0648,P1,17. Front-End Engineering & Component Implementation,Component API discipline,Evidence Gate,DESIGN.md / FEATURES.md,"Define component props, states, variants, composition rules, and invalid combinations to prevent one-off divergence.",controls/17-front-end-engineering-and-component-implementation.md,controls.capability.component-api-discipline,control.bq-0648
BQ-0649,P1,17. Front-End Engineering & Component Implementation,Component API discipline,Recovery,DESIGN.md / FEATURES.md,"Define component props, states, variants, composition rules, and invalid combinations to prevent one-off divergence.",controls/17-front-end-engineering-and-component-implementation.md,controls.capability.component-api-discipline,control.bq-0649
BQ-0650,P1,17. Front-End Engineering & Component Implementation,Component API discipline,Regression,DESIGN.md / FEATURES.md,"Define component props, states, variants, composition rules, and invalid combinations to prevent one-off divergence.",controls/17-front-end-engineering-and-component-implementation.md,controls.capability.component-api-discipline,control.bq-0650
BQ-0651,P1,17. Front-End Engineering & Component Implementation,State-source separation,Contract,FEATURES.md,"Separate UI state, server state, form state, navigation state, and derived state so implementation remains predictable.",controls/17-front-end-engineering-and-component-implementation.md,controls.capability.state-source-separation,control.bq-0651
BQ-0652,P1,17. Front-End Engineering & Component Implementation,State-source separation,Procedure,FEATURES.md,"Separate UI state, server state, form state, navigation state, and derived state so implementation remains predictable.",controls/17-front-end-engineering-and-component-implementation.md,controls.capability.state-source-separation,control.bq-0652
BQ-0653,P1,17. Front-End Engineering & Component Implementation,State-source separation,Evidence Gate,FEATURES.md,"Separate UI state, server state, form state, navigation state, and derived state so implementation remains predictable.",controls/17-front-end-engineering-and-component-implementation.md,controls.capability.state-source-separation,control.bq-0653
BQ-0654,P1,17. Front-End Engineering & Component Implementation,State-source separation,Recovery,FEATURES.md,"Separate UI state, server state, form state, navigation state, and derived state so implementation remains predictable.",controls/17-front-end-engineering-and-component-implementation.md,controls.capability.state-source-separation,control.bq-0654
BQ-0655,P1,17. Front-End Engineering & Component Implementation,State-source separation,Regression,FEATURES.md,"Separate UI state, server state, form state, navigation state, and derived state so implementation remains predictable.",controls/17-front-end-engineering-and-component-implementation.md,controls.capability.state-source-separation,control.bq-0655
BQ-0656,P0,17. Front-End Engineering & Component Implementation,No-dead-control gate,Contract,QA_GATES.md,Every rendered enabled interactive control must have directly observable intended behavior in its supported states/viewports; otherwise explicitly disable it with a user-visible reason or remove it. Production PASS requires zero unaccounted dead controls.,controls/17-front-end-engineering-and-component-implementation.md,controls.capability.no-dead-control-gate,control.bq-0656
BQ-0657,P0,17. Front-End Engineering & Component Implementation,No-dead-control gate,Procedure,QA_GATES.md,Every rendered enabled interactive control must have directly observable intended behavior in its supported states/viewports; otherwise explicitly disable it with a user-visible reason or remove it. Production PASS requires zero unaccounted dead controls.,controls/17-front-end-engineering-and-component-implementation.md,controls.capability.no-dead-control-gate,control.bq-0657
BQ-0658,P0,17. Front-End Engineering & Component Implementation,No-dead-control gate,Evidence Gate,QA_GATES.md,Every rendered enabled interactive control must have directly observable intended behavior in its supported states/viewports; otherwise explicitly disable it with a user-visible reason or remove it. Production PASS requires zero unaccounted dead controls.,controls/17-front-end-engineering-and-component-implementation.md,controls.capability.no-dead-control-gate,control.bq-0658
BQ-0659,P0,17. Front-End Engineering & Component Implementation,No-dead-control gate,Recovery,QA_GATES.md,Every rendered enabled interactive control must have directly observable intended behavior in its supported states/viewports; otherwise explicitly disable it with a user-visible reason or remove it. Production PASS requires zero unaccounted dead controls.,controls/17-front-end-engineering-and-component-implementation.md,controls.capability.no-dead-control-gate,control.bq-0659
BQ-0660,P0,17. Front-End Engineering & Component Implementation,No-dead-control gate,Regression,QA_GATES.md,Every rendered enabled interactive control must have directly observable intended behavior in its supported states/viewports; otherwise explicitly disable it with a user-visible reason or remove it. Production PASS requires zero unaccounted dead controls.,controls/17-front-end-engineering-and-component-implementation.md,controls.capability.no-dead-control-gate,control.bq-0660
BQ-0661,P0,17. Front-End Engineering & Component Implementation,Form-behavior contract,Contract,FEATURES.md / SECURITY.md,"Specify validation, errors, submission, retries, duplicate prevention, success, privacy, and backend dependency behavior.",controls/17-front-end-engineering-and-component-implementation.md,controls.capability.form-behavior-contract,control.bq-0661
BQ-0662,P0,17. Front-End Engineering & Component Implementation,Form-behavior contract,Procedure,FEATURES.md / SECURITY.md,"Specify validation, errors, submission, retries, duplicate prevention, success, privacy, and backend dependency behavior.",controls/17-front-end-engineering-and-component-implementation.md,controls.capability.form-behavior-contract,control.bq-0662
BQ-0663,P0,17. Front-End Engineering & Component Implementation,Form-behavior contract,Evidence Gate,FEATURES.md / SECURITY.md,"Specify validation, errors, submission, retries, duplicate prevention, success, privacy, and backend dependency behavior.",controls/17-front-end-engineering-and-component-implementation.md,controls.capability.form-behavior-contract,control.bq-0663
BQ-0664,P0,17. Front-End Engineering & Component Implementation,Form-behavior contract,Recovery,FEATURES.md / SECURITY.md,"Specify validation, errors, submission, retries, duplicate prevention, success, privacy, and backend dependency behavior.",controls/17-front-end-engineering-and-component-implementation.md,controls.capability.form-behavior-contract,control.bq-0664
BQ-0665,P0,17. Front-End Engineering & Component Implementation,Form-behavior contract,Regression,FEATURES.md / SECURITY.md,"Specify validation, errors, submission, retries, duplicate prevention, success, privacy, and backend dependency behavior.",controls/17-front-end-engineering-and-component-implementation.md,controls.capability.form-behavior-contract,control.bq-0665
BQ-0666,P1,17. Front-End Engineering & Component Implementation,Dependency-minimization rule,Contract,README.md / PERFORMANCE,Avoid frameworks or libraries whose cost materially exceeds their value for the requested artifact.,controls/17-front-end-engineering-and-component-implementation.md,controls.capability.dependency-minimization-rule,control.bq-0666
BQ-0667,P1,17. Front-End Engineering & Component Implementation,Dependency-minimization rule,Procedure,README.md / PERFORMANCE,Avoid frameworks or libraries whose cost materially exceeds their value for the requested artifact.,controls/17-front-end-engineering-and-component-implementation.md,controls.capability.dependency-minimization-rule,control.bq-0667
BQ-0668,P1,17. Front-End Engineering & Component Implementation,Dependency-minimization rule,Evidence Gate,README.md / PERFORMANCE,Avoid frameworks or libraries whose cost materially exceeds their value for the requested artifact.,controls/17-front-end-engineering-and-component-implementation.md,controls.capability.dependency-minimization-rule,control.bq-0668
BQ-0669,P1,17. Front-End Engineering & Component Implementation,Dependency-minimization rule,Recovery,README.md / PERFORMANCE,Avoid frameworks or libraries whose cost materially exceeds their value for the requested artifact.,controls/17-front-end-engineering-and-component-implementation.md,controls.capability.dependency-minimization-rule,control.bq-0669
BQ-0670,P1,17. Front-End Engineering & Component Implementation,Dependency-minimization rule,Regression,README.md / PERFORMANCE,Avoid frameworks or libraries whose cost materially exceeds their value for the requested artifact.,controls/17-front-end-engineering-and-component-implementation.md,controls.capability.dependency-minimization-rule,control.bq-0670
BQ-0671,P1,17. Front-End Engineering & Component Implementation,Progressive-enhancement baseline,Contract,FEATURES.md,"Keep core content and essential interactions robust when optional scripts, animation, or advanced APIs fail where practical.",controls/17-front-end-engineering-and-component-implementation.md,controls.capability.progressive-enhancement-baseline,control.bq-0671
BQ-0672,P1,17. Front-End Engineering & Component Implementation,Progressive-enhancement baseline,Procedure,FEATURES.md,"Keep core content and essential interactions robust when optional scripts, animation, or advanced APIs fail where practical.",controls/17-front-end-engineering-and-component-implementation.md,controls.capability.progressive-enhancement-baseline,control.bq-0672
BQ-0673,P1,17. Front-End Engineering & Component Implementation,Progressive-enhancement baseline,Evidence Gate,FEATURES.md,"Keep core content and essential interactions robust when optional scripts, animation, or advanced APIs fail where practical.",controls/17-front-end-engineering-and-component-implementation.md,controls.capability.progressive-enhancement-baseline,control.bq-0673
BQ-0674,P1,17. Front-End Engineering & Component Implementation,Progressive-enhancement baseline,Recovery,FEATURES.md,"Keep core content and essential interactions robust when optional scripts, animation, or advanced APIs fail where practical.",controls/17-front-end-engineering-and-component-implementation.md,controls.capability.progressive-enhancement-baseline,control.bq-0674
BQ-0675,P1,17. Front-End Engineering & Component Implementation,Progressive-enhancement baseline,Regression,FEATURES.md,"Keep core content and essential interactions robust when optional scripts, animation, or advanced APIs fail where practical.",controls/17-front-end-engineering-and-component-implementation.md,controls.capability.progressive-enhancement-baseline,control.bq-0675
BQ-0676,P0,17. Front-End Engineering & Component Implementation,Implementation-fidelity review,Contract,QA_GATES.md / CREATIVE.md,Compare the built interface against the resolved visual system and reject technically correct implementations that lose hierarchy or craft.,controls/17-front-end-engineering-and-component-implementation.md,controls.capability.implementation-fidelity-review,control.bq-0676
BQ-0677,P0,17. Front-End Engineering & Component Implementation,Implementation-fidelity review,Procedure,QA_GATES.md / CREATIVE.md,Compare the built interface against the resolved visual system and reject technically correct implementations that lose hierarchy or craft.,controls/17-front-end-engineering-and-component-implementation.md,controls.capability.implementation-fidelity-review,control.bq-0677
BQ-0678,P0,17. Front-End Engineering & Component Implementation,Implementation-fidelity review,Evidence Gate,QA_GATES.md / CREATIVE.md,Compare the built interface against the resolved visual system and reject technically correct implementations that lose hierarchy or craft.,controls/17-front-end-engineering-and-component-implementation.md,controls.capability.implementation-fidelity-review,control.bq-0678
BQ-0679,P0,17. Front-End Engineering & Component Implementation,Implementation-fidelity review,Recovery,QA_GATES.md / CREATIVE.md,Compare the built interface against the resolved visual system and reject technically correct implementations that lose hierarchy or craft.,controls/17-front-end-engineering-and-component-implementation.md,controls.capability.implementation-fidelity-review,control.bq-0679
BQ-0680,P0,17. Front-End Engineering & Component Implementation,Implementation-fidelity review,Regression,QA_GATES.md / CREATIVE.md,Compare the built interface against the resolved visual system and reject technically correct implementations that lose hierarchy or craft.,controls/17-front-end-engineering-and-component-implementation.md,controls.capability.implementation-fidelity-review,control.bq-0680
BQ-0681,P1,"18. Application Logic, Data & Integrations",Data-model-first planning,Contract,FEATURES.md / STRUCTURE.md,"Define core entities, relationships, ownership, lifecycle, validation, and retention before implementing complex application flows.",controls/18-application-logic-data-and-integrations.md,controls.capability.data-model-first-planning,control.bq-0681
BQ-0682,P1,"18. Application Logic, Data & Integrations",Data-model-first planning,Procedure,FEATURES.md / STRUCTURE.md,"Define core entities, relationships, ownership, lifecycle, validation, and retention before implementing complex application flows.",controls/18-application-logic-data-and-integrations.md,controls.capability.data-model-first-planning,control.bq-0682
BQ-0683,P1,"18. Application Logic, Data & Integrations",Data-model-first planning,Evidence Gate,FEATURES.md / STRUCTURE.md,"Define core entities, relationships, ownership, lifecycle, validation, and retention before implementing complex application flows.",controls/18-application-logic-data-and-integrations.md,controls.capability.data-model-first-planning,control.bq-0683
BQ-0684,P1,"18. Application Logic, Data & Integrations",Data-model-first planning,Recovery,FEATURES.md / STRUCTURE.md,"Define core entities, relationships, ownership, lifecycle, validation, and retention before implementing complex application flows.",controls/18-application-logic-data-and-integrations.md,controls.capability.data-model-first-planning,control.bq-0684
BQ-0685,P1,"18. Application Logic, Data & Integrations",Data-model-first planning,Regression,FEATURES.md / STRUCTURE.md,"Define core entities, relationships, ownership, lifecycle, validation, and retention before implementing complex application flows.",controls/18-application-logic-data-and-integrations.md,controls.capability.data-model-first-planning,control.bq-0685
BQ-0686,P0,"18. Application Logic, Data & Integrations",Permission-model resolution,Contract,FEATURES.md / SECURITY.md,"Specify roles, capabilities, resource ownership, inheritance, exceptions, and denial behavior before exposing privileged actions.",controls/18-application-logic-data-and-integrations.md,controls.capability.permission-model-resolution,control.bq-0686
BQ-0687,P0,"18. Application Logic, Data & Integrations",Permission-model resolution,Procedure,FEATURES.md / SECURITY.md,"Specify roles, capabilities, resource ownership, inheritance, exceptions, and denial behavior before exposing privileged actions.",controls/18-application-logic-data-and-integrations.md,controls.capability.permission-model-resolution,control.bq-0687
BQ-0688,P0,"18. Application Logic, Data & Integrations",Permission-model resolution,Evidence Gate,FEATURES.md / SECURITY.md,"Specify roles, capabilities, resource ownership, inheritance, exceptions, and denial behavior before exposing privileged actions.",controls/18-application-logic-data-and-integrations.md,controls.capability.permission-model-resolution,control.bq-0688
BQ-0689,P0,"18. Application Logic, Data & Integrations",Permission-model resolution,Recovery,FEATURES.md / SECURITY.md,"Specify roles, capabilities, resource ownership, inheritance, exceptions, and denial behavior before exposing privileged actions.",controls/18-application-logic-data-and-integrations.md,controls.capability.permission-model-resolution,control.bq-0689
BQ-0690,P0,"18. Application Logic, Data & Integrations",Permission-model resolution,Regression,FEATURES.md / SECURITY.md,"Specify roles, capabilities, resource ownership, inheritance, exceptions, and denial behavior before exposing privileged actions.",controls/18-application-logic-data-and-integrations.md,controls.capability.permission-model-resolution,control.bq-0690
BQ-0691,P0,"18. Application Logic, Data & Integrations",Integration-contract standard,Contract,FEATURES.md / SECURITY.md,"Document authentication, inputs, outputs, rate limits, retries, timeouts, idempotency, errors, and data sensitivity for integrations.",controls/18-application-logic-data-and-integrations.md,controls.capability.integration-contract-standard,control.bq-0691
BQ-0692,P0,"18. Application Logic, Data & Integrations",Integration-contract standard,Procedure,FEATURES.md / SECURITY.md,"Document authentication, inputs, outputs, rate limits, retries, timeouts, idempotency, errors, and data sensitivity for integrations.",controls/18-application-logic-data-and-integrations.md,controls.capability.integration-contract-standard,control.bq-0692
BQ-0693,P0,"18. Application Logic, Data & Integrations",Integration-contract standard,Evidence Gate,FEATURES.md / SECURITY.md,"Document authentication, inputs, outputs, rate limits, retries, timeouts, idempotency, errors, and data sensitivity for integrations.",controls/18-application-logic-data-and-integrations.md,controls.capability.integration-contract-standard,control.bq-0693
BQ-0694,P0,"18. Application Logic, Data & Integrations",Integration-contract standard,Recovery,FEATURES.md / SECURITY.md,"Document authentication, inputs, outputs, rate limits, retries, timeouts, idempotency, errors, and data sensitivity for integrations.",controls/18-application-logic-data-and-integrations.md,controls.capability.integration-contract-standard,control.bq-0694
BQ-0695,P0,"18. Application Logic, Data & Integrations",Integration-contract standard,Regression,FEATURES.md / SECURITY.md,"Document authentication, inputs, outputs, rate limits, retries, timeouts, idempotency, errors, and data sensitivity for integrations.",controls/18-application-logic-data-and-integrations.md,controls.capability.integration-contract-standard,control.bq-0695
BQ-0696,P1,"18. Application Logic, Data & Integrations",Offline-and-failure behavior,Contract,FEATURES.md,"Define user-visible behavior when APIs, networks, third parties, or background jobs are unavailable.",controls/18-application-logic-data-and-integrations.md,controls.capability.offline-and-failure-behavior,control.bq-0696
BQ-0697,P1,"18. Application Logic, Data & Integrations",Offline-and-failure behavior,Procedure,FEATURES.md,"Define user-visible behavior when APIs, networks, third parties, or background jobs are unavailable.",controls/18-application-logic-data-and-integrations.md,controls.capability.offline-and-failure-behavior,control.bq-0697
BQ-0698,P1,"18. Application Logic, Data & Integrations",Offline-and-failure behavior,Evidence Gate,FEATURES.md,"Define user-visible behavior when APIs, networks, third parties, or background jobs are unavailable.",controls/18-application-logic-data-and-integrations.md,controls.capability.offline-and-failure-behavior,control.bq-0698
BQ-0699,P1,"18. Application Logic, Data & Integrations",Offline-and-failure behavior,Recovery,FEATURES.md,"Define user-visible behavior when APIs, networks, third parties, or background jobs are unavailable.",controls/18-application-logic-data-and-integrations.md,controls.capability.offline-and-failure-behavior,control.bq-0699
BQ-0700,P1,"18. Application Logic, Data & Integrations",Offline-and-failure behavior,Regression,FEATURES.md,"Define user-visible behavior when APIs, networks, third parties, or background jobs are unavailable.",controls/18-application-logic-data-and-integrations.md,controls.capability.offline-and-failure-behavior,control.bq-0700
BQ-0701,P1,"18. Application Logic, Data & Integrations",Data-freshness semantics,Contract,FEATURES.md / TERMINOLOGY.md,"Show when data was last updated and distinguish live, cached, delayed, estimated, and stale values where material.",controls/18-application-logic-data-and-integrations.md,controls.capability.data-freshness-semantics,control.bq-0701
BQ-0702,P1,"18. Application Logic, Data & Integrations",Data-freshness semantics,Procedure,FEATURES.md / TERMINOLOGY.md,"Show when data was last updated and distinguish live, cached, delayed, estimated, and stale values where material.",controls/18-application-logic-data-and-integrations.md,controls.capability.data-freshness-semantics,control.bq-0702
BQ-0703,P1,"18. Application Logic, Data & Integrations",Data-freshness semantics,Evidence Gate,FEATURES.md / TERMINOLOGY.md,"Show when data was last updated and distinguish live, cached, delayed, estimated, and stale values where material.",controls/18-application-logic-data-and-integrations.md,controls.capability.data-freshness-semantics,control.bq-0703
BQ-0704,P1,"18. Application Logic, Data & Integrations",Data-freshness semantics,Recovery,FEATURES.md / TERMINOLOGY.md,"Show when data was last updated and distinguish live, cached, delayed, estimated, and stale values where material.",controls/18-application-logic-data-and-integrations.md,controls.capability.data-freshness-semantics,control.bq-0704
BQ-0705,P1,"18. Application Logic, Data & Integrations",Data-freshness semantics,Regression,FEATURES.md / TERMINOLOGY.md,"Show when data was last updated and distinguish live, cached, delayed, estimated, and stale values where material.",controls/18-application-logic-data-and-integrations.md,controls.capability.data-freshness-semantics,control.bq-0705
BQ-0706,P0,"18. Application Logic, Data & Integrations",Destructive-action safeguards,Contract,FEATURES.md / DESIGN.md,"Use confirmation, previews, undo, permissions, or delayed execution proportional to the reversibility and impact of the action.",controls/18-application-logic-data-and-integrations.md,controls.capability.destructive-action-safeguards,control.bq-0706
BQ-0707,P0,"18. Application Logic, Data & Integrations",Destructive-action safeguards,Procedure,FEATURES.md / DESIGN.md,"Use confirmation, previews, undo, permissions, or delayed execution proportional to the reversibility and impact of the action.",controls/18-application-logic-data-and-integrations.md,controls.capability.destructive-action-safeguards,control.bq-0707
BQ-0708,P0,"18. Application Logic, Data & Integrations",Destructive-action safeguards,Evidence Gate,FEATURES.md / DESIGN.md,"Use confirmation, previews, undo, permissions, or delayed execution proportional to the reversibility and impact of the action.",controls/18-application-logic-data-and-integrations.md,controls.capability.destructive-action-safeguards,control.bq-0708
BQ-0709,P0,"18. Application Logic, Data & Integrations",Destructive-action safeguards,Recovery,FEATURES.md / DESIGN.md,"Use confirmation, previews, undo, permissions, or delayed execution proportional to the reversibility and impact of the action.",controls/18-application-logic-data-and-integrations.md,controls.capability.destructive-action-safeguards,control.bq-0709
BQ-0710,P0,"18. Application Logic, Data & Integrations",Destructive-action safeguards,Regression,FEATURES.md / DESIGN.md,"Use confirmation, previews, undo, permissions, or delayed execution proportional to the reversibility and impact of the action.",controls/18-application-logic-data-and-integrations.md,controls.capability.destructive-action-safeguards,control.bq-0710
BQ-0711,P1,"18. Application Logic, Data & Integrations",Import-export integrity,Contract,FEATURES.md / SECURITY.md,"Validate file types, schema, size, encoding, partial failures, duplicate handling, and sensitive data exposure for bulk data flows.",controls/18-application-logic-data-and-integrations.md,controls.capability.import-export-integrity,control.bq-0711
BQ-0712,P1,"18. Application Logic, Data & Integrations",Import-export integrity,Procedure,FEATURES.md / SECURITY.md,"Validate file types, schema, size, encoding, partial failures, duplicate handling, and sensitive data exposure for bulk data flows.",controls/18-application-logic-data-and-integrations.md,controls.capability.import-export-integrity,control.bq-0712
BQ-0713,P1,"18. Application Logic, Data & Integrations",Import-export integrity,Evidence Gate,FEATURES.md / SECURITY.md,"Validate file types, schema, size, encoding, partial failures, duplicate handling, and sensitive data exposure for bulk data flows.",controls/18-application-logic-data-and-integrations.md,controls.capability.import-export-integrity,control.bq-0713
BQ-0714,P1,"18. Application Logic, Data & Integrations",Import-export integrity,Recovery,FEATURES.md / SECURITY.md,"Validate file types, schema, size, encoding, partial failures, duplicate handling, and sensitive data exposure for bulk data flows.",controls/18-application-logic-data-and-integrations.md,controls.capability.import-export-integrity,control.bq-0714
BQ-0715,P1,"18. Application Logic, Data & Integrations",Import-export integrity,Regression,FEATURES.md / SECURITY.md,"Validate file types, schema, size, encoding, partial failures, duplicate handling, and sensitive data exposure for bulk data flows.",controls/18-application-logic-data-and-integrations.md,controls.capability.import-export-integrity,control.bq-0715
BQ-0716,P0,"18. Application Logic, Data & Integrations",Auditability requirement,Contract,FEATURES.md / SECURITY.md,"For high-impact workflows, preserve who did what, when, to which resource, and with what result.",controls/18-application-logic-data-and-integrations.md,controls.capability.auditability-requirement,control.bq-0716
BQ-0717,P0,"18. Application Logic, Data & Integrations",Auditability requirement,Procedure,FEATURES.md / SECURITY.md,"For high-impact workflows, preserve who did what, when, to which resource, and with what result.",controls/18-application-logic-data-and-integrations.md,controls.capability.auditability-requirement,control.bq-0717
BQ-0718,P0,"18. Application Logic, Data & Integrations",Auditability requirement,Evidence Gate,FEATURES.md / SECURITY.md,"For high-impact workflows, preserve who did what, when, to which resource, and with what result.",controls/18-application-logic-data-and-integrations.md,controls.capability.auditability-requirement,control.bq-0718
BQ-0719,P0,"18. Application Logic, Data & Integrations",Auditability requirement,Recovery,FEATURES.md / SECURITY.md,"For high-impact workflows, preserve who did what, when, to which resource, and with what result.",controls/18-application-logic-data-and-integrations.md,controls.capability.auditability-requirement,control.bq-0719
BQ-0720,P0,"18. Application Logic, Data & Integrations",Auditability requirement,Regression,FEATURES.md / SECURITY.md,"For high-impact workflows, preserve who did what, when, to which resource, and with what result.",controls/18-application-logic-data-and-integrations.md,controls.capability.auditability-requirement,control.bq-0720
BQ-0721,P0,"19. Security, Privacy & Legal Compliance",Threat-trigger routing,Contract,SECURITY.md / README.md,"Automatically route to security review when scope introduces auth, payments, uploads, secrets, sensitive data, privileged actions, or external integrations.",controls/19-security-privacy-and-legal-compliance.md,controls.capability.threat-trigger-routing,control.bq-0721
BQ-0722,P0,"19. Security, Privacy & Legal Compliance",Threat-trigger routing,Procedure,SECURITY.md / README.md,"Automatically route to security review when scope introduces auth, payments, uploads, secrets, sensitive data, privileged actions, or external integrations.",controls/19-security-privacy-and-legal-compliance.md,controls.capability.threat-trigger-routing,control.bq-0722
BQ-0723,P0,"19. Security, Privacy & Legal Compliance",Threat-trigger routing,Evidence Gate,SECURITY.md / README.md,"Automatically route to security review when scope introduces auth, payments, uploads, secrets, sensitive data, privileged actions, or external integrations.",controls/19-security-privacy-and-legal-compliance.md,controls.capability.threat-trigger-routing,control.bq-0723
BQ-0724,P0,"19. Security, Privacy & Legal Compliance",Threat-trigger routing,Recovery,SECURITY.md / README.md,"Automatically route to security review when scope introduces auth, payments, uploads, secrets, sensitive data, privileged actions, or external integrations.",controls/19-security-privacy-and-legal-compliance.md,controls.capability.threat-trigger-routing,control.bq-0724
BQ-0725,P0,"19. Security, Privacy & Legal Compliance",Threat-trigger routing,Regression,SECURITY.md / README.md,"Automatically route to security review when scope introduces auth, payments, uploads, secrets, sensitive data, privileged actions, or external integrations.",controls/19-security-privacy-and-legal-compliance.md,controls.capability.threat-trigger-routing,control.bq-0725
BQ-0726,P0,"19. Security, Privacy & Legal Compliance",Data-classification model,Contract,SECURITY.md / LEGAL.md,"Classify public, internal, confidential, sensitive, regulated, credential, and payment data before choosing storage or transport behavior.",controls/19-security-privacy-and-legal-compliance.md,controls.capability.data-classification-model,control.bq-0726
BQ-0727,P0,"19. Security, Privacy & Legal Compliance",Data-classification model,Procedure,SECURITY.md / LEGAL.md,"Classify public, internal, confidential, sensitive, regulated, credential, and payment data before choosing storage or transport behavior.",controls/19-security-privacy-and-legal-compliance.md,controls.capability.data-classification-model,control.bq-0727
BQ-0728,P0,"19. Security, Privacy & Legal Compliance",Data-classification model,Evidence Gate,SECURITY.md / LEGAL.md,"Classify public, internal, confidential, sensitive, regulated, credential, and payment data before choosing storage or transport behavior.",controls/19-security-privacy-and-legal-compliance.md,controls.capability.data-classification-model,control.bq-0728
BQ-0729,P0,"19. Security, Privacy & Legal Compliance",Data-classification model,Recovery,SECURITY.md / LEGAL.md,"Classify public, internal, confidential, sensitive, regulated, credential, and payment data before choosing storage or transport behavior.",controls/19-security-privacy-and-legal-compliance.md,controls.capability.data-classification-model,control.bq-0729
BQ-0730,P0,"19. Security, Privacy & Legal Compliance",Data-classification model,Regression,SECURITY.md / LEGAL.md,"Classify public, internal, confidential, sensitive, regulated, credential, and payment data before choosing storage or transport behavior.",controls/19-security-privacy-and-legal-compliance.md,controls.capability.data-classification-model,control.bq-0730
BQ-0731,P0,"19. Security, Privacy & Legal Compliance",Least-privilege standard,Contract,SECURITY.md,"Require minimum permissions for users, services, APIs, tokens, files, and integrations with explicit escalation paths.",controls/19-security-privacy-and-legal-compliance.md,controls.capability.least-privilege-standard,control.bq-0731
BQ-0732,P0,"19. Security, Privacy & Legal Compliance",Least-privilege standard,Procedure,SECURITY.md,"Require minimum permissions for users, services, APIs, tokens, files, and integrations with explicit escalation paths.",controls/19-security-privacy-and-legal-compliance.md,controls.capability.least-privilege-standard,control.bq-0732
BQ-0733,P0,"19. Security, Privacy & Legal Compliance",Least-privilege standard,Evidence Gate,SECURITY.md,"Require minimum permissions for users, services, APIs, tokens, files, and integrations with explicit escalation paths.",controls/19-security-privacy-and-legal-compliance.md,controls.capability.least-privilege-standard,control.bq-0733
BQ-0734,P0,"19. Security, Privacy & Legal Compliance",Least-privilege standard,Recovery,SECURITY.md,"Require minimum permissions for users, services, APIs, tokens, files, and integrations with explicit escalation paths.",controls/19-security-privacy-and-legal-compliance.md,controls.capability.least-privilege-standard,control.bq-0734
BQ-0735,P0,"19. Security, Privacy & Legal Compliance",Least-privilege standard,Regression,SECURITY.md,"Require minimum permissions for users, services, APIs, tokens, files, and integrations with explicit escalation paths.",controls/19-security-privacy-and-legal-compliance.md,controls.capability.least-privilege-standard,control.bq-0735
BQ-0736,P0,"19. Security, Privacy & Legal Compliance",Secret-handling guard,Contract,SECURITY.md / QA_GATES.md,"Prevent secrets, credentials, private keys, production tokens, and sensitive environment values from appearing in generated client code or repositories.",controls/19-security-privacy-and-legal-compliance.md,controls.capability.secret-handling-guard,control.bq-0736
BQ-0737,P0,"19. Security, Privacy & Legal Compliance",Secret-handling guard,Procedure,SECURITY.md / QA_GATES.md,"Prevent secrets, credentials, private keys, production tokens, and sensitive environment values from appearing in generated client code or repositories.",controls/19-security-privacy-and-legal-compliance.md,controls.capability.secret-handling-guard,control.bq-0737
BQ-0738,P0,"19. Security, Privacy & Legal Compliance",Secret-handling guard,Evidence Gate,SECURITY.md / QA_GATES.md,"Prevent secrets, credentials, private keys, production tokens, and sensitive environment values from appearing in generated client code or repositories.",controls/19-security-privacy-and-legal-compliance.md,controls.capability.secret-handling-guard,control.bq-0738
BQ-0739,P0,"19. Security, Privacy & Legal Compliance",Secret-handling guard,Recovery,SECURITY.md / QA_GATES.md,"Prevent secrets, credentials, private keys, production tokens, and sensitive environment values from appearing in generated client code or repositories.",controls/19-security-privacy-and-legal-compliance.md,controls.capability.secret-handling-guard,control.bq-0739
BQ-0740,P0,"19. Security, Privacy & Legal Compliance",Secret-handling guard,Regression,SECURITY.md / QA_GATES.md,"Prevent secrets, credentials, private keys, production tokens, and sensitive environment values from appearing in generated client code or repositories.",controls/19-security-privacy-and-legal-compliance.md,controls.capability.secret-handling-guard,control.bq-0740
BQ-0741,P0,"19. Security, Privacy & Legal Compliance",Privacy-by-design routing,Contract,LEGAL.md / SECURITY.md,Trigger privacy requirements from actual data collection and tracking behavior rather than waiting for a request for a privacy policy.,controls/19-security-privacy-and-legal-compliance.md,controls.capability.privacy-by-design-routing,control.bq-0741
BQ-0742,P0,"19. Security, Privacy & Legal Compliance",Privacy-by-design routing,Procedure,LEGAL.md / SECURITY.md,Trigger privacy requirements from actual data collection and tracking behavior rather than waiting for a request for a privacy policy.,controls/19-security-privacy-and-legal-compliance.md,controls.capability.privacy-by-design-routing,control.bq-0742
BQ-0743,P0,"19. Security, Privacy & Legal Compliance",Privacy-by-design routing,Evidence Gate,LEGAL.md / SECURITY.md,Trigger privacy requirements from actual data collection and tracking behavior rather than waiting for a request for a privacy policy.,controls/19-security-privacy-and-legal-compliance.md,controls.capability.privacy-by-design-routing,control.bq-0743
BQ-0744,P0,"19. Security, Privacy & Legal Compliance",Privacy-by-design routing,Recovery,LEGAL.md / SECURITY.md,Trigger privacy requirements from actual data collection and tracking behavior rather than waiting for a request for a privacy policy.,controls/19-security-privacy-and-legal-compliance.md,controls.capability.privacy-by-design-routing,control.bq-0744
BQ-0745,P0,"19. Security, Privacy & Legal Compliance",Privacy-by-design routing,Regression,LEGAL.md / SECURITY.md,Trigger privacy requirements from actual data collection and tracking behavior rather than waiting for a request for a privacy policy.,controls/19-security-privacy-and-legal-compliance.md,controls.capability.privacy-by-design-routing,control.bq-0745
BQ-0746,P0,"19. Security, Privacy & Legal Compliance",Consent-integrity standard,Contract,LEGAL.md / DESIGN.md,"Require consent choices to be understandable, non-coercive, correctly defaulted, and technically connected to actual processing behavior.",controls/19-security-privacy-and-legal-compliance.md,controls.capability.consent-integrity-standard,control.bq-0746
BQ-0747,P0,"19. Security, Privacy & Legal Compliance",Consent-integrity standard,Procedure,LEGAL.md / DESIGN.md,"Require consent choices to be understandable, non-coercive, correctly defaulted, and technically connected to actual processing behavior.",controls/19-security-privacy-and-legal-compliance.md,controls.capability.consent-integrity-standard,control.bq-0747
BQ-0748,P0,"19. Security, Privacy & Legal Compliance",Consent-integrity standard,Evidence Gate,LEGAL.md / DESIGN.md,"Require consent choices to be understandable, non-coercive, correctly defaulted, and technically connected to actual processing behavior.",controls/19-security-privacy-and-legal-compliance.md,controls.capability.consent-integrity-standard,control.bq-0748
BQ-0749,P0,"19. Security, Privacy & Legal Compliance",Consent-integrity standard,Recovery,LEGAL.md / DESIGN.md,"Require consent choices to be understandable, non-coercive, correctly defaulted, and technically connected to actual processing behavior.",controls/19-security-privacy-and-legal-compliance.md,controls.capability.consent-integrity-standard,control.bq-0749
BQ-0750,P0,"19. Security, Privacy & Legal Compliance",Consent-integrity standard,Regression,LEGAL.md / DESIGN.md,"Require consent choices to be understandable, non-coercive, correctly defaulted, and technically connected to actual processing behavior.",controls/19-security-privacy-and-legal-compliance.md,controls.capability.consent-integrity-standard,control.bq-0750
BQ-0751,P0,"19. Security, Privacy & Legal Compliance",Legal-claim boundary,Contract,LEGAL.md / TERMINOLOGY.md,Distinguish general informational language from jurisdiction-specific legal advice and avoid fabricated compliance assurances.,controls/19-security-privacy-and-legal-compliance.md,controls.capability.legal-claim-boundary,control.bq-0751
BQ-0752,P0,"19. Security, Privacy & Legal Compliance",Legal-claim boundary,Procedure,LEGAL.md / TERMINOLOGY.md,Distinguish general informational language from jurisdiction-specific legal advice and avoid fabricated compliance assurances.,controls/19-security-privacy-and-legal-compliance.md,controls.capability.legal-claim-boundary,control.bq-0752
BQ-0753,P0,"19. Security, Privacy & Legal Compliance",Legal-claim boundary,Evidence Gate,LEGAL.md / TERMINOLOGY.md,Distinguish general informational language from jurisdiction-specific legal advice and avoid fabricated compliance assurances.,controls/19-security-privacy-and-legal-compliance.md,controls.capability.legal-claim-boundary,control.bq-0753
BQ-0754,P0,"19. Security, Privacy & Legal Compliance",Legal-claim boundary,Recovery,LEGAL.md / TERMINOLOGY.md,Distinguish general informational language from jurisdiction-specific legal advice and avoid fabricated compliance assurances.,controls/19-security-privacy-and-legal-compliance.md,controls.capability.legal-claim-boundary,control.bq-0754
BQ-0755,P0,"19. Security, Privacy & Legal Compliance",Legal-claim boundary,Regression,LEGAL.md / TERMINOLOGY.md,Distinguish general informational language from jurisdiction-specific legal advice and avoid fabricated compliance assurances.,controls/19-security-privacy-and-legal-compliance.md,controls.capability.legal-claim-boundary,control.bq-0755
BQ-0756,P0,"19. Security, Privacy & Legal Compliance",Security-evidence gate,Contract,QA_GATES.md / SECURITY.md,"Do not label an artifact secure, compliant, hardened, or production-safe without corresponding checks and known-scope evidence.",controls/19-security-privacy-and-legal-compliance.md,controls.capability.security-evidence-gate,control.bq-0756
BQ-0757,P0,"19. Security, Privacy & Legal Compliance",Security-evidence gate,Procedure,QA_GATES.md / SECURITY.md,"Do not label an artifact secure, compliant, hardened, or production-safe without corresponding checks and known-scope evidence.",controls/19-security-privacy-and-legal-compliance.md,controls.capability.security-evidence-gate,control.bq-0757
BQ-0758,P0,"19. Security, Privacy & Legal Compliance",Security-evidence gate,Evidence Gate,QA_GATES.md / SECURITY.md,"Do not label an artifact secure, compliant, hardened, or production-safe without corresponding checks and known-scope evidence.",controls/19-security-privacy-and-legal-compliance.md,controls.capability.security-evidence-gate,control.bq-0758
BQ-0759,P0,"19. Security, Privacy & Legal Compliance",Security-evidence gate,Recovery,QA_GATES.md / SECURITY.md,"Do not label an artifact secure, compliant, hardened, or production-safe without corresponding checks and known-scope evidence.",controls/19-security-privacy-and-legal-compliance.md,controls.capability.security-evidence-gate,control.bq-0759
BQ-0760,P0,"19. Security, Privacy & Legal Compliance",Security-evidence gate,Regression,QA_GATES.md / SECURITY.md,"Do not label an artifact secure, compliant, hardened, or production-safe without corresponding checks and known-scope evidence.",controls/19-security-privacy-and-legal-compliance.md,controls.capability.security-evidence-gate,control.bq-0760
BQ-0761,P1,"20. SEO, GEO, AEO & Discoverability",Search-intent mapping,Contract,SEO_GEO_AEO.md,Map pages or sections to distinct user intents so content is not created around disconnected keywords.,controls/20-seo-geo-aeo-and-discoverability.md,controls.capability.search-intent-mapping,control.bq-0761
BQ-0762,P1,"20. SEO, GEO, AEO & Discoverability",Search-intent mapping,Procedure,SEO_GEO_AEO.md,Map pages or sections to distinct user intents so content is not created around disconnected keywords.,controls/20-seo-geo-aeo-and-discoverability.md,controls.capability.search-intent-mapping,control.bq-0762
BQ-0763,P1,"20. SEO, GEO, AEO & Discoverability",Search-intent mapping,Evidence Gate,SEO_GEO_AEO.md,Map pages or sections to distinct user intents so content is not created around disconnected keywords.,controls/20-seo-geo-aeo-and-discoverability.md,controls.capability.search-intent-mapping,control.bq-0763
BQ-0764,P1,"20. SEO, GEO, AEO & Discoverability",Search-intent mapping,Recovery,SEO_GEO_AEO.md,Map pages or sections to distinct user intents so content is not created around disconnected keywords.,controls/20-seo-geo-aeo-and-discoverability.md,controls.capability.search-intent-mapping,control.bq-0764
BQ-0765,P1,"20. SEO, GEO, AEO & Discoverability",Search-intent mapping,Regression,SEO_GEO_AEO.md,Map pages or sections to distinct user intents so content is not created around disconnected keywords.,controls/20-seo-geo-aeo-and-discoverability.md,controls.capability.search-intent-mapping,control.bq-0765
BQ-0766,P0,"20. SEO, GEO, AEO & Discoverability",Entity-consistency standard,Contract,SEO_GEO_AEO.md / TERMINOLOGY.md,"Keep organization, service, product, location, person, and category names consistent across visible content and structured data.",controls/20-seo-geo-aeo-and-discoverability.md,controls.capability.entity-consistency-standard,control.bq-0766
BQ-0767,P0,"20. SEO, GEO, AEO & Discoverability",Entity-consistency standard,Procedure,SEO_GEO_AEO.md / TERMINOLOGY.md,"Keep organization, service, product, location, person, and category names consistent across visible content and structured data.",controls/20-seo-geo-aeo-and-discoverability.md,controls.capability.entity-consistency-standard,control.bq-0767
BQ-0768,P0,"20. SEO, GEO, AEO & Discoverability",Entity-consistency standard,Evidence Gate,SEO_GEO_AEO.md / TERMINOLOGY.md,"Keep organization, service, product, location, person, and category names consistent across visible content and structured data.",controls/20-seo-geo-aeo-and-discoverability.md,controls.capability.entity-consistency-standard,control.bq-0768
BQ-0769,P0,"20. SEO, GEO, AEO & Discoverability",Entity-consistency standard,Recovery,SEO_GEO_AEO.md / TERMINOLOGY.md,"Keep organization, service, product, location, person, and category names consistent across visible content and structured data.",controls/20-seo-geo-aeo-and-discoverability.md,controls.capability.entity-consistency-standard,control.bq-0769
BQ-0770,P0,"20. SEO, GEO, AEO & Discoverability",Entity-consistency standard,Regression,SEO_GEO_AEO.md / TERMINOLOGY.md,"Keep organization, service, product, location, person, and category names consistent across visible content and structured data.",controls/20-seo-geo-aeo-and-discoverability.md,controls.capability.entity-consistency-standard,control.bq-0770
BQ-0771,P0,"20. SEO, GEO, AEO & Discoverability",Structured-data eligibility,Contract,SEO_GEO_AEO.md,Add schema markup only when page content actually supports the entity type and required properties.,controls/20-seo-geo-aeo-and-discoverability.md,controls.capability.structured-data-eligibility,control.bq-0771
BQ-0772,P0,"20. SEO, GEO, AEO & Discoverability",Structured-data eligibility,Procedure,SEO_GEO_AEO.md,Add schema markup only when page content actually supports the entity type and required properties.,controls/20-seo-geo-aeo-and-discoverability.md,controls.capability.structured-data-eligibility,control.bq-0772
BQ-0773,P0,"20. SEO, GEO, AEO & Discoverability",Structured-data eligibility,Evidence Gate,SEO_GEO_AEO.md,Add schema markup only when page content actually supports the entity type and required properties.,controls/20-seo-geo-aeo-and-discoverability.md,controls.capability.structured-data-eligibility,control.bq-0773
BQ-0774,P0,"20. SEO, GEO, AEO & Discoverability",Structured-data eligibility,Recovery,SEO_GEO_AEO.md,Add schema markup only when page content actually supports the entity type and required properties.,controls/20-seo-geo-aeo-and-discoverability.md,controls.capability.structured-data-eligibility,control.bq-0774
BQ-0775,P0,"20. SEO, GEO, AEO & Discoverability",Structured-data eligibility,Regression,SEO_GEO_AEO.md,Add schema markup only when page content actually supports the entity type and required properties.,controls/20-seo-geo-aeo-and-discoverability.md,controls.capability.structured-data-eligibility,control.bq-0775
BQ-0776,P1,"20. SEO, GEO, AEO & Discoverability",Answerability design,Contract,SEO_GEO_AEO.md / STRUCTURE.md,Structure important factual answers so users and answer engines can extract them without stripping necessary context.,controls/20-seo-geo-aeo-and-discoverability.md,controls.capability.answerability-design,control.bq-0776
BQ-0777,P1,"20. SEO, GEO, AEO & Discoverability",Answerability design,Procedure,SEO_GEO_AEO.md / STRUCTURE.md,Structure important factual answers so users and answer engines can extract them without stripping necessary context.,controls/20-seo-geo-aeo-and-discoverability.md,controls.capability.answerability-design,control.bq-0777
BQ-0778,P1,"20. SEO, GEO, AEO & Discoverability",Answerability design,Evidence Gate,SEO_GEO_AEO.md / STRUCTURE.md,Structure important factual answers so users and answer engines can extract them without stripping necessary context.,controls/20-seo-geo-aeo-and-discoverability.md,controls.capability.answerability-design,control.bq-0778
BQ-0779,P1,"20. SEO, GEO, AEO & Discoverability",Answerability design,Recovery,SEO_GEO_AEO.md / STRUCTURE.md,Structure important factual answers so users and answer engines can extract them without stripping necessary context.,controls/20-seo-geo-aeo-and-discoverability.md,controls.capability.answerability-design,control.bq-0779
BQ-0780,P1,"20. SEO, GEO, AEO & Discoverability",Answerability design,Regression,SEO_GEO_AEO.md / STRUCTURE.md,Structure important factual answers so users and answer engines can extract them without stripping necessary context.,controls/20-seo-geo-aeo-and-discoverability.md,controls.capability.answerability-design,control.bq-0780
BQ-0781,P0,"20. SEO, GEO, AEO & Discoverability",Local-discovery guard,Contract,SEO_GEO_AEO.md,"For local businesses, separate verified service areas and locations from inferred geography and avoid fabricated addresses.",controls/20-seo-geo-aeo-and-discoverability.md,controls.capability.local-discovery-guard,control.bq-0781
BQ-0782,P0,"20. SEO, GEO, AEO & Discoverability",Local-discovery guard,Procedure,SEO_GEO_AEO.md,"For local businesses, separate verified service areas and locations from inferred geography and avoid fabricated addresses.",controls/20-seo-geo-aeo-and-discoverability.md,controls.capability.local-discovery-guard,control.bq-0782
BQ-0783,P0,"20. SEO, GEO, AEO & Discoverability",Local-discovery guard,Evidence Gate,SEO_GEO_AEO.md,"For local businesses, separate verified service areas and locations from inferred geography and avoid fabricated addresses.",controls/20-seo-geo-aeo-and-discoverability.md,controls.capability.local-discovery-guard,control.bq-0783
BQ-0784,P0,"20. SEO, GEO, AEO & Discoverability",Local-discovery guard,Recovery,SEO_GEO_AEO.md,"For local businesses, separate verified service areas and locations from inferred geography and avoid fabricated addresses.",controls/20-seo-geo-aeo-and-discoverability.md,controls.capability.local-discovery-guard,control.bq-0784
BQ-0785,P0,"20. SEO, GEO, AEO & Discoverability",Local-discovery guard,Regression,SEO_GEO_AEO.md,"For local businesses, separate verified service areas and locations from inferred geography and avoid fabricated addresses.",controls/20-seo-geo-aeo-and-discoverability.md,controls.capability.local-discovery-guard,control.bq-0785
BQ-0786,P1,"20. SEO, GEO, AEO & Discoverability",Metadata uniqueness,Contract,SEO_GEO_AEO.md,"Require unique and intent-aligned titles, descriptions, canonical targets, social metadata, and headings for indexable pages.",controls/20-seo-geo-aeo-and-discoverability.md,controls.capability.metadata-uniqueness,control.bq-0786
BQ-0787,P1,"20. SEO, GEO, AEO & Discoverability",Metadata uniqueness,Procedure,SEO_GEO_AEO.md,"Require unique and intent-aligned titles, descriptions, canonical targets, social metadata, and headings for indexable pages.",controls/20-seo-geo-aeo-and-discoverability.md,controls.capability.metadata-uniqueness,control.bq-0787
BQ-0788,P1,"20. SEO, GEO, AEO & Discoverability",Metadata uniqueness,Evidence Gate,SEO_GEO_AEO.md,"Require unique and intent-aligned titles, descriptions, canonical targets, social metadata, and headings for indexable pages.",controls/20-seo-geo-aeo-and-discoverability.md,controls.capability.metadata-uniqueness,control.bq-0788
BQ-0789,P1,"20. SEO, GEO, AEO & Discoverability",Metadata uniqueness,Recovery,SEO_GEO_AEO.md,"Require unique and intent-aligned titles, descriptions, canonical targets, social metadata, and headings for indexable pages.",controls/20-seo-geo-aeo-and-discoverability.md,controls.capability.metadata-uniqueness,control.bq-0789
BQ-0790,P1,"20. SEO, GEO, AEO & Discoverability",Metadata uniqueness,Regression,SEO_GEO_AEO.md,"Require unique and intent-aligned titles, descriptions, canonical targets, social metadata, and headings for indexable pages.",controls/20-seo-geo-aeo-and-discoverability.md,controls.capability.metadata-uniqueness,control.bq-0790
BQ-0791,P1,"20. SEO, GEO, AEO & Discoverability",Internal-link intent,Contract,SEO_GEO_AEO.md / STRUCTURE.md,Use internal links to connect related user tasks and topic clusters rather than mechanically repeating keyword-rich anchors.,controls/20-seo-geo-aeo-and-discoverability.md,controls.capability.internal-link-intent,control.bq-0791
BQ-0792,P1,"20. SEO, GEO, AEO & Discoverability",Internal-link intent,Procedure,SEO_GEO_AEO.md / STRUCTURE.md,Use internal links to connect related user tasks and topic clusters rather than mechanically repeating keyword-rich anchors.,controls/20-seo-geo-aeo-and-discoverability.md,controls.capability.internal-link-intent,control.bq-0792
BQ-0793,P1,"20. SEO, GEO, AEO & Discoverability",Internal-link intent,Evidence Gate,SEO_GEO_AEO.md / STRUCTURE.md,Use internal links to connect related user tasks and topic clusters rather than mechanically repeating keyword-rich anchors.,controls/20-seo-geo-aeo-and-discoverability.md,controls.capability.internal-link-intent,control.bq-0793
BQ-0794,P1,"20. SEO, GEO, AEO & Discoverability",Internal-link intent,Recovery,SEO_GEO_AEO.md / STRUCTURE.md,Use internal links to connect related user tasks and topic clusters rather than mechanically repeating keyword-rich anchors.,controls/20-seo-geo-aeo-and-discoverability.md,controls.capability.internal-link-intent,control.bq-0794
BQ-0795,P1,"20. SEO, GEO, AEO & Discoverability",Internal-link intent,Regression,SEO_GEO_AEO.md / STRUCTURE.md,Use internal links to connect related user tasks and topic clusters rather than mechanically repeating keyword-rich anchors.,controls/20-seo-geo-aeo-and-discoverability.md,controls.capability.internal-link-intent,control.bq-0795
BQ-0796,P0,"20. SEO, GEO, AEO & Discoverability",Discoverability QA,Contract,QA_GATES.md / SEO_GEO_AEO.md,"Check crawlability, indexability directives, canonical behavior, structured data validity, metadata, headings, and content discoverability before release.",controls/20-seo-geo-aeo-and-discoverability.md,controls.capability.discoverability-qa,control.bq-0796
BQ-0797,P0,"20. SEO, GEO, AEO & Discoverability",Discoverability QA,Procedure,QA_GATES.md / SEO_GEO_AEO.md,"Check crawlability, indexability directives, canonical behavior, structured data validity, metadata, headings, and content discoverability before release.",controls/20-seo-geo-aeo-and-discoverability.md,controls.capability.discoverability-qa,control.bq-0797
BQ-0798,P0,"20. SEO, GEO, AEO & Discoverability",Discoverability QA,Evidence Gate,QA_GATES.md / SEO_GEO_AEO.md,"Check crawlability, indexability directives, canonical behavior, structured data validity, metadata, headings, and content discoverability before release.",controls/20-seo-geo-aeo-and-discoverability.md,controls.capability.discoverability-qa,control.bq-0798
BQ-0799,P0,"20. SEO, GEO, AEO & Discoverability",Discoverability QA,Recovery,QA_GATES.md / SEO_GEO_AEO.md,"Check crawlability, indexability directives, canonical behavior, structured data validity, metadata, headings, and content discoverability before release.",controls/20-seo-geo-aeo-and-discoverability.md,controls.capability.discoverability-qa,control.bq-0799
BQ-0800,P0,"20. SEO, GEO, AEO & Discoverability",Discoverability QA,Regression,QA_GATES.md / SEO_GEO_AEO.md,"Check crawlability, indexability directives, canonical behavior, structured data validity, metadata, headings, and content discoverability before release.",controls/20-seo-geo-aeo-and-discoverability.md,controls.capability.discoverability-qa,control.bq-0800
BQ-0801,P0,"21. Performance, Reliability & Resource Budgets",Performance-budget declaration,Contract,CREATIVE.md / QA_GATES.md,"Set explicit budgets for initial transfer, images, fonts, JavaScript, CSS, third-party scripts, and key rendering metrics by project class.",controls/21-performance-reliability-and-resource-budgets.md,controls.capability.performance-budget-declaration,control.bq-0801
BQ-0802,P0,"21. Performance, Reliability & Resource Budgets",Performance-budget declaration,Procedure,CREATIVE.md / QA_GATES.md,"Set explicit budgets for initial transfer, images, fonts, JavaScript, CSS, third-party scripts, and key rendering metrics by project class.",controls/21-performance-reliability-and-resource-budgets.md,controls.capability.performance-budget-declaration,control.bq-0802
BQ-0803,P0,"21. Performance, Reliability & Resource Budgets",Performance-budget declaration,Evidence Gate,CREATIVE.md / QA_GATES.md,"Set explicit budgets for initial transfer, images, fonts, JavaScript, CSS, third-party scripts, and key rendering metrics by project class.",controls/21-performance-reliability-and-resource-budgets.md,controls.capability.performance-budget-declaration,control.bq-0803
BQ-0804,P0,"21. Performance, Reliability & Resource Budgets",Performance-budget declaration,Recovery,CREATIVE.md / QA_GATES.md,"Set explicit budgets for initial transfer, images, fonts, JavaScript, CSS, third-party scripts, and key rendering metrics by project class.",controls/21-performance-reliability-and-resource-budgets.md,controls.capability.performance-budget-declaration,control.bq-0804
BQ-0805,P0,"21. Performance, Reliability & Resource Budgets",Performance-budget declaration,Regression,CREATIVE.md / QA_GATES.md,"Set explicit budgets for initial transfer, images, fonts, JavaScript, CSS, third-party scripts, and key rendering metrics by project class.",controls/21-performance-reliability-and-resource-budgets.md,controls.capability.performance-budget-declaration,control.bq-0805
BQ-0806,P0,"21. Performance, Reliability & Resource Budgets",Critical-path minimization,Contract,ASSETS.md / DESIGN.md,"Prioritize resources required for first meaningful content and defer noncritical media, scripts, and effects.",controls/21-performance-reliability-and-resource-budgets.md,controls.capability.critical-path-minimization,control.bq-0806
BQ-0807,P0,"21. Performance, Reliability & Resource Budgets",Critical-path minimization,Procedure,ASSETS.md / DESIGN.md,"Prioritize resources required for first meaningful content and defer noncritical media, scripts, and effects.",controls/21-performance-reliability-and-resource-budgets.md,controls.capability.critical-path-minimization,control.bq-0807
BQ-0808,P0,"21. Performance, Reliability & Resource Budgets",Critical-path minimization,Evidence Gate,ASSETS.md / DESIGN.md,"Prioritize resources required for first meaningful content and defer noncritical media, scripts, and effects.",controls/21-performance-reliability-and-resource-budgets.md,controls.capability.critical-path-minimization,control.bq-0808
BQ-0809,P0,"21. Performance, Reliability & Resource Budgets",Critical-path minimization,Recovery,ASSETS.md / DESIGN.md,"Prioritize resources required for first meaningful content and defer noncritical media, scripts, and effects.",controls/21-performance-reliability-and-resource-budgets.md,controls.capability.critical-path-minimization,control.bq-0809
BQ-0810,P0,"21. Performance, Reliability & Resource Budgets",Critical-path minimization,Regression,ASSETS.md / DESIGN.md,"Prioritize resources required for first meaningful content and defer noncritical media, scripts, and effects.",controls/21-performance-reliability-and-resource-budgets.md,controls.capability.critical-path-minimization,control.bq-0810
BQ-0811,P0,"21. Performance, Reliability & Resource Budgets",Image-delivery strategy,Contract,ASSETS.md,"Choose formats, dimensions, compression, responsive sources, loading priority, and decoding based on actual placement and device needs.",controls/21-performance-reliability-and-resource-budgets.md,controls.capability.image-delivery-strategy,control.bq-0811
BQ-0812,P0,"21. Performance, Reliability & Resource Budgets",Image-delivery strategy,Procedure,ASSETS.md,"Choose formats, dimensions, compression, responsive sources, loading priority, and decoding based on actual placement and device needs.",controls/21-performance-reliability-and-resource-budgets.md,controls.capability.image-delivery-strategy,control.bq-0812
BQ-0813,P0,"21. Performance, Reliability & Resource Budgets",Image-delivery strategy,Evidence Gate,ASSETS.md,"Choose formats, dimensions, compression, responsive sources, loading priority, and decoding based on actual placement and device needs.",controls/21-performance-reliability-and-resource-budgets.md,controls.capability.image-delivery-strategy,control.bq-0813
BQ-0814,P0,"21. Performance, Reliability & Resource Budgets",Image-delivery strategy,Recovery,ASSETS.md,"Choose formats, dimensions, compression, responsive sources, loading priority, and decoding based on actual placement and device needs.",controls/21-performance-reliability-and-resource-budgets.md,controls.capability.image-delivery-strategy,control.bq-0814
BQ-0815,P0,"21. Performance, Reliability & Resource Budgets",Image-delivery strategy,Regression,ASSETS.md,"Choose formats, dimensions, compression, responsive sources, loading priority, and decoding based on actual placement and device needs.",controls/21-performance-reliability-and-resource-budgets.md,controls.capability.image-delivery-strategy,control.bq-0815
BQ-0816,P1,"21. Performance, Reliability & Resource Budgets",Font-performance strategy,Contract,CREATIVE.md / DESIGN.md,"Limit font families, weights, subsets, and blocking behavior while preserving the resolved brand character.",controls/21-performance-reliability-and-resource-budgets.md,controls.capability.font-performance-strategy,control.bq-0816
BQ-0817,P1,"21. Performance, Reliability & Resource Budgets",Font-performance strategy,Procedure,CREATIVE.md / DESIGN.md,"Limit font families, weights, subsets, and blocking behavior while preserving the resolved brand character.",controls/21-performance-reliability-and-resource-budgets.md,controls.capability.font-performance-strategy,control.bq-0817
BQ-0818,P1,"21. Performance, Reliability & Resource Budgets",Font-performance strategy,Evidence Gate,CREATIVE.md / DESIGN.md,"Limit font families, weights, subsets, and blocking behavior while preserving the resolved brand character.",controls/21-performance-reliability-and-resource-budgets.md,controls.capability.font-performance-strategy,control.bq-0818
BQ-0819,P1,"21. Performance, Reliability & Resource Budgets",Font-performance strategy,Recovery,CREATIVE.md / DESIGN.md,"Limit font families, weights, subsets, and blocking behavior while preserving the resolved brand character.",controls/21-performance-reliability-and-resource-budgets.md,controls.capability.font-performance-strategy,control.bq-0819
BQ-0820,P1,"21. Performance, Reliability & Resource Budgets",Font-performance strategy,Regression,CREATIVE.md / DESIGN.md,"Limit font families, weights, subsets, and blocking behavior while preserving the resolved brand character.",controls/21-performance-reliability-and-resource-budgets.md,controls.capability.font-performance-strategy,control.bq-0820
BQ-0821,P1,"21. Performance, Reliability & Resource Budgets",Third-party cost ledger,Contract,SECURITY.md / PERFORMANCE,"Record performance, privacy, reliability, and security cost for every external script or SDK before inclusion.",controls/21-performance-reliability-and-resource-budgets.md,controls.capability.third-party-cost-ledger,control.bq-0821
BQ-0822,P1,"21. Performance, Reliability & Resource Budgets",Third-party cost ledger,Procedure,SECURITY.md / PERFORMANCE,"Record performance, privacy, reliability, and security cost for every external script or SDK before inclusion.",controls/21-performance-reliability-and-resource-budgets.md,controls.capability.third-party-cost-ledger,control.bq-0822
BQ-0823,P1,"21. Performance, Reliability & Resource Budgets",Third-party cost ledger,Evidence Gate,SECURITY.md / PERFORMANCE,"Record performance, privacy, reliability, and security cost for every external script or SDK before inclusion.",controls/21-performance-reliability-and-resource-budgets.md,controls.capability.third-party-cost-ledger,control.bq-0823
BQ-0824,P1,"21. Performance, Reliability & Resource Budgets",Third-party cost ledger,Recovery,SECURITY.md / PERFORMANCE,"Record performance, privacy, reliability, and security cost for every external script or SDK before inclusion.",controls/21-performance-reliability-and-resource-budgets.md,controls.capability.third-party-cost-ledger,control.bq-0824
BQ-0825,P1,"21. Performance, Reliability & Resource Budgets",Third-party cost ledger,Regression,SECURITY.md / PERFORMANCE,"Record performance, privacy, reliability, and security cost for every external script or SDK before inclusion.",controls/21-performance-reliability-and-resource-budgets.md,controls.capability.third-party-cost-ledger,control.bq-0825
BQ-0826,P1,"21. Performance, Reliability & Resource Budgets",Graceful-degradation behavior,Contract,FEATURES.md,"Define what still works when optional assets, APIs, scripts, or external services fail.",controls/21-performance-reliability-and-resource-budgets.md,controls.capability.graceful-degradation-behavior,control.bq-0826
BQ-0827,P1,"21. Performance, Reliability & Resource Budgets",Graceful-degradation behavior,Procedure,FEATURES.md,"Define what still works when optional assets, APIs, scripts, or external services fail.",controls/21-performance-reliability-and-resource-budgets.md,controls.capability.graceful-degradation-behavior,control.bq-0827
BQ-0828,P1,"21. Performance, Reliability & Resource Budgets",Graceful-degradation behavior,Evidence Gate,FEATURES.md,"Define what still works when optional assets, APIs, scripts, or external services fail.",controls/21-performance-reliability-and-resource-budgets.md,controls.capability.graceful-degradation-behavior,control.bq-0828
BQ-0829,P1,"21. Performance, Reliability & Resource Budgets",Graceful-degradation behavior,Recovery,FEATURES.md,"Define what still works when optional assets, APIs, scripts, or external services fail.",controls/21-performance-reliability-and-resource-budgets.md,controls.capability.graceful-degradation-behavior,control.bq-0829
BQ-0830,P1,"21. Performance, Reliability & Resource Budgets",Graceful-degradation behavior,Regression,FEATURES.md,"Define what still works when optional assets, APIs, scripts, or external services fail.",controls/21-performance-reliability-and-resource-budgets.md,controls.capability.graceful-degradation-behavior,control.bq-0830
BQ-0831,P1,"21. Performance, Reliability & Resource Budgets",Long-task responsiveness,Contract,FEATURES.md / DESIGN.md,"Use progress, optimistic feedback, cancellation, background processing, or chunking appropriate to task duration and risk.",controls/21-performance-reliability-and-resource-budgets.md,controls.capability.long-task-responsiveness,control.bq-0831
BQ-0832,P1,"21. Performance, Reliability & Resource Budgets",Long-task responsiveness,Procedure,FEATURES.md / DESIGN.md,"Use progress, optimistic feedback, cancellation, background processing, or chunking appropriate to task duration and risk.",controls/21-performance-reliability-and-resource-budgets.md,controls.capability.long-task-responsiveness,control.bq-0832
BQ-0833,P1,"21. Performance, Reliability & Resource Budgets",Long-task responsiveness,Evidence Gate,FEATURES.md / DESIGN.md,"Use progress, optimistic feedback, cancellation, background processing, or chunking appropriate to task duration and risk.",controls/21-performance-reliability-and-resource-budgets.md,controls.capability.long-task-responsiveness,control.bq-0833
BQ-0834,P1,"21. Performance, Reliability & Resource Budgets",Long-task responsiveness,Recovery,FEATURES.md / DESIGN.md,"Use progress, optimistic feedback, cancellation, background processing, or chunking appropriate to task duration and risk.",controls/21-performance-reliability-and-resource-budgets.md,controls.capability.long-task-responsiveness,control.bq-0834
BQ-0835,P1,"21. Performance, Reliability & Resource Budgets",Long-task responsiveness,Regression,FEATURES.md / DESIGN.md,"Use progress, optimistic feedback, cancellation, background processing, or chunking appropriate to task duration and risk.",controls/21-performance-reliability-and-resource-budgets.md,controls.capability.long-task-responsiveness,control.bq-0835
BQ-0836,P0,"21. Performance, Reliability & Resource Budgets",Performance-regression gate,Contract,QA_GATES.md,Compare final output against declared budgets and reject avoidable regressions introduced by decorative or low-value features.,controls/21-performance-reliability-and-resource-budgets.md,controls.capability.performance-regression-gate,control.bq-0836
BQ-0837,P0,"21. Performance, Reliability & Resource Budgets",Performance-regression gate,Procedure,QA_GATES.md,Compare final output against declared budgets and reject avoidable regressions introduced by decorative or low-value features.,controls/21-performance-reliability-and-resource-budgets.md,controls.capability.performance-regression-gate,control.bq-0837
BQ-0838,P0,"21. Performance, Reliability & Resource Budgets",Performance-regression gate,Evidence Gate,QA_GATES.md,Compare final output against declared budgets and reject avoidable regressions introduced by decorative or low-value features.,controls/21-performance-reliability-and-resource-budgets.md,controls.capability.performance-regression-gate,control.bq-0838
BQ-0839,P0,"21. Performance, Reliability & Resource Budgets",Performance-regression gate,Recovery,QA_GATES.md,Compare final output against declared budgets and reject avoidable regressions introduced by decorative or low-value features.,controls/21-performance-reliability-and-resource-budgets.md,controls.capability.performance-regression-gate,control.bq-0839
BQ-0840,P0,"21. Performance, Reliability & Resource Budgets",Performance-regression gate,Regression,QA_GATES.md,Compare final output against declared budgets and reject avoidable regressions introduced by decorative or low-value features.,controls/21-performance-reliability-and-resource-budgets.md,controls.capability.performance-regression-gate,control.bq-0840
BQ-0841,P0,"22. QA, Render Review & Automated Evaluation",Evidence-based completion,Contract,QA_GATES.md,Require concrete evidence for each claimed validation step and prohibit generic statements such as all checks passed without check details.,controls/22-qa-render-review-and-automated-evaluation.md,controls.capability.evidence-based-completion,control.bq-0841
BQ-0842,P0,"22. QA, Render Review & Automated Evaluation",Evidence-based completion,Procedure,QA_GATES.md,Require concrete evidence for each claimed validation step and prohibit generic statements such as all checks passed without check details.,controls/22-qa-render-review-and-automated-evaluation.md,controls.capability.evidence-based-completion,control.bq-0842
BQ-0843,P0,"22. QA, Render Review & Automated Evaluation",Evidence-based completion,Evidence Gate,QA_GATES.md,Require concrete evidence for each claimed validation step and prohibit generic statements such as all checks passed without check details.,controls/22-qa-render-review-and-automated-evaluation.md,controls.capability.evidence-based-completion,control.bq-0843
BQ-0844,P0,"22. QA, Render Review & Automated Evaluation",Evidence-based completion,Recovery,QA_GATES.md,Require concrete evidence for each claimed validation step and prohibit generic statements such as all checks passed without check details.,controls/22-qa-render-review-and-automated-evaluation.md,controls.capability.evidence-based-completion,control.bq-0844
BQ-0845,P0,"22. QA, Render Review & Automated Evaluation",Evidence-based completion,Regression,QA_GATES.md,Require concrete evidence for each claimed validation step and prohibit generic statements such as all checks passed without check details.,controls/22-qa-render-review-and-automated-evaluation.md,controls.capability.evidence-based-completion,control.bq-0845
BQ-0846,P0,"22. QA, Render Review & Automated Evaluation",Rendered-pixel review,Contract,CREATIVE.md / QA_GATES.md,Judge actual rendered output at representative desktop and mobile sizes rather than inferring quality from source code.,controls/22-qa-render-review-and-automated-evaluation.md,controls.capability.rendered-pixel-review,control.bq-0846
BQ-0847,P0,"22. QA, Render Review & Automated Evaluation",Rendered-pixel review,Procedure,CREATIVE.md / QA_GATES.md,Judge actual rendered output at representative desktop and mobile sizes rather than inferring quality from source code.,controls/22-qa-render-review-and-automated-evaluation.md,controls.capability.rendered-pixel-review,control.bq-0847
BQ-0848,P0,"22. QA, Render Review & Automated Evaluation",Rendered-pixel review,Evidence Gate,CREATIVE.md / QA_GATES.md,Judge actual rendered output at representative desktop and mobile sizes rather than inferring quality from source code.,controls/22-qa-render-review-and-automated-evaluation.md,controls.capability.rendered-pixel-review,control.bq-0848
BQ-0849,P0,"22. QA, Render Review & Automated Evaluation",Rendered-pixel review,Recovery,CREATIVE.md / QA_GATES.md,Judge actual rendered output at representative desktop and mobile sizes rather than inferring quality from source code.,controls/22-qa-render-review-and-automated-evaluation.md,controls.capability.rendered-pixel-review,control.bq-0849
BQ-0850,P0,"22. QA, Render Review & Automated Evaluation",Rendered-pixel review,Regression,CREATIVE.md / QA_GATES.md,Judge actual rendered output at representative desktop and mobile sizes rather than inferring quality from source code.,controls/22-qa-render-review-and-automated-evaluation.md,controls.capability.rendered-pixel-review,control.bq-0850
BQ-0851,P1,"22. QA, Render Review & Automated Evaluation",Visual-regression fixtures,Contract,QA_GATES.md,Preserve representative screenshots or structural snapshots for high-value creation tests so pack changes can reveal quality regressions.,controls/22-qa-render-review-and-automated-evaluation.md,controls.capability.visual-regression-fixtures,control.bq-0851
BQ-0852,P1,"22. QA, Render Review & Automated Evaluation",Visual-regression fixtures,Procedure,QA_GATES.md,Preserve representative screenshots or structural snapshots for high-value creation tests so pack changes can reveal quality regressions.,controls/22-qa-render-review-and-automated-evaluation.md,controls.capability.visual-regression-fixtures,control.bq-0852
BQ-0853,P1,"22. QA, Render Review & Automated Evaluation",Visual-regression fixtures,Evidence Gate,QA_GATES.md,Preserve representative screenshots or structural snapshots for high-value creation tests so pack changes can reveal quality regressions.,controls/22-qa-render-review-and-automated-evaluation.md,controls.capability.visual-regression-fixtures,control.bq-0853
BQ-0854,P1,"22. QA, Render Review & Automated Evaluation",Visual-regression fixtures,Recovery,QA_GATES.md,Preserve representative screenshots or structural snapshots for high-value creation tests so pack changes can reveal quality regressions.,controls/22-qa-render-review-and-automated-evaluation.md,controls.capability.visual-regression-fixtures,control.bq-0854
BQ-0855,P1,"22. QA, Render Review & Automated Evaluation",Visual-regression fixtures,Regression,QA_GATES.md,Preserve representative screenshots or structural snapshots for high-value creation tests so pack changes can reveal quality regressions.,controls/22-qa-render-review-and-automated-evaluation.md,controls.capability.visual-regression-fixtures,control.bq-0855
BQ-0856,P1,"22. QA, Render Review & Automated Evaluation",Cross-browser smoke testing,Contract,QA_GATES.md,Define minimum browser-engine coverage appropriate to the project and test primary flows rather than only page load.,controls/22-qa-render-review-and-automated-evaluation.md,controls.capability.cross-browser-smoke-testing,control.bq-0856
BQ-0857,P1,"22. QA, Render Review & Automated Evaluation",Cross-browser smoke testing,Procedure,QA_GATES.md,Define minimum browser-engine coverage appropriate to the project and test primary flows rather than only page load.,controls/22-qa-render-review-and-automated-evaluation.md,controls.capability.cross-browser-smoke-testing,control.bq-0857
BQ-0858,P1,"22. QA, Render Review & Automated Evaluation",Cross-browser smoke testing,Evidence Gate,QA_GATES.md,Define minimum browser-engine coverage appropriate to the project and test primary flows rather than only page load.,controls/22-qa-render-review-and-automated-evaluation.md,controls.capability.cross-browser-smoke-testing,control.bq-0858
BQ-0859,P1,"22. QA, Render Review & Automated Evaluation",Cross-browser smoke testing,Recovery,QA_GATES.md,Define minimum browser-engine coverage appropriate to the project and test primary flows rather than only page load.,controls/22-qa-render-review-and-automated-evaluation.md,controls.capability.cross-browser-smoke-testing,control.bq-0859
BQ-0860,P1,"22. QA, Render Review & Automated Evaluation",Cross-browser smoke testing,Regression,QA_GATES.md,Define minimum browser-engine coverage appropriate to the project and test primary flows rather than only page load.,controls/22-qa-render-review-and-automated-evaluation.md,controls.capability.cross-browser-smoke-testing,control.bq-0860
BQ-0861,P0,"22. QA, Render Review & Automated Evaluation",Broken-path detection,Contract,QA_GATES.md,"Check links, anchors, routes, assets, forms, buttons, downloads, media, and navigation targets for broken or dead behavior.",controls/22-qa-render-review-and-automated-evaluation.md,controls.capability.broken-path-detection,control.bq-0861
BQ-0862,P0,"22. QA, Render Review & Automated Evaluation",Broken-path detection,Procedure,QA_GATES.md,"Check links, anchors, routes, assets, forms, buttons, downloads, media, and navigation targets for broken or dead behavior.",controls/22-qa-render-review-and-automated-evaluation.md,controls.capability.broken-path-detection,control.bq-0862
BQ-0863,P0,"22. QA, Render Review & Automated Evaluation",Broken-path detection,Evidence Gate,QA_GATES.md,"Check links, anchors, routes, assets, forms, buttons, downloads, media, and navigation targets for broken or dead behavior.",controls/22-qa-render-review-and-automated-evaluation.md,controls.capability.broken-path-detection,control.bq-0863
BQ-0864,P0,"22. QA, Render Review & Automated Evaluation",Broken-path detection,Recovery,QA_GATES.md,"Check links, anchors, routes, assets, forms, buttons, downloads, media, and navigation targets for broken or dead behavior.",controls/22-qa-render-review-and-automated-evaluation.md,controls.capability.broken-path-detection,control.bq-0864
BQ-0865,P0,"22. QA, Render Review & Automated Evaluation",Broken-path detection,Regression,QA_GATES.md,"Check links, anchors, routes, assets, forms, buttons, downloads, media, and navigation targets for broken or dead behavior.",controls/22-qa-render-review-and-automated-evaluation.md,controls.capability.broken-path-detection,control.bq-0865
BQ-0866,P0,"22. QA, Render Review & Automated Evaluation",Quality-score evidence,Contract,CREATIVE.md / QA_GATES.md,Require each visual-score category to cite observable evidence and prevent the model from self-awarding unsupported high scores.,controls/22-qa-render-review-and-automated-evaluation.md,controls.capability.quality-score-evidence,control.bq-0866
BQ-0867,P0,"22. QA, Render Review & Automated Evaluation",Quality-score evidence,Procedure,CREATIVE.md / QA_GATES.md,Require each visual-score category to cite observable evidence and prevent the model from self-awarding unsupported high scores.,controls/22-qa-render-review-and-automated-evaluation.md,controls.capability.quality-score-evidence,control.bq-0867
BQ-0868,P0,"22. QA, Render Review & Automated Evaluation",Quality-score evidence,Evidence Gate,CREATIVE.md / QA_GATES.md,Require each visual-score category to cite observable evidence and prevent the model from self-awarding unsupported high scores.,controls/22-qa-render-review-and-automated-evaluation.md,controls.capability.quality-score-evidence,control.bq-0868
BQ-0869,P0,"22. QA, Render Review & Automated Evaluation",Quality-score evidence,Recovery,CREATIVE.md / QA_GATES.md,Require each visual-score category to cite observable evidence and prevent the model from self-awarding unsupported high scores.,controls/22-qa-render-review-and-automated-evaluation.md,controls.capability.quality-score-evidence,control.bq-0869
BQ-0870,P0,"22. QA, Render Review & Automated Evaluation",Quality-score evidence,Regression,CREATIVE.md / QA_GATES.md,Require each visual-score category to cite observable evidence and prevent the model from self-awarding unsupported high scores.,controls/22-qa-render-review-and-automated-evaluation.md,controls.capability.quality-score-evidence,control.bq-0870
BQ-0871,P0,"22. QA, Render Review & Automated Evaluation",Failure-severity model,Contract,QA_GATES.md,"Classify blockers, criticals, majors, minors, and polish issues so unresolved severity determines whether delivery is allowed.",controls/22-qa-render-review-and-automated-evaluation.md,controls.capability.failure-severity-model,control.bq-0871
BQ-0872,P0,"22. QA, Render Review & Automated Evaluation",Failure-severity model,Procedure,QA_GATES.md,"Classify blockers, criticals, majors, minors, and polish issues so unresolved severity determines whether delivery is allowed.",controls/22-qa-render-review-and-automated-evaluation.md,controls.capability.failure-severity-model,control.bq-0872
BQ-0873,P0,"22. QA, Render Review & Automated Evaluation",Failure-severity model,Evidence Gate,QA_GATES.md,"Classify blockers, criticals, majors, minors, and polish issues so unresolved severity determines whether delivery is allowed.",controls/22-qa-render-review-and-automated-evaluation.md,controls.capability.failure-severity-model,control.bq-0873
BQ-0874,P0,"22. QA, Render Review & Automated Evaluation",Failure-severity model,Recovery,QA_GATES.md,"Classify blockers, criticals, majors, minors, and polish issues so unresolved severity determines whether delivery is allowed.",controls/22-qa-render-review-and-automated-evaluation.md,controls.capability.failure-severity-model,control.bq-0874
BQ-0875,P0,"22. QA, Render Review & Automated Evaluation",Failure-severity model,Regression,QA_GATES.md,"Classify blockers, criticals, majors, minors, and polish issues so unresolved severity determines whether delivery is allowed.",controls/22-qa-render-review-and-automated-evaluation.md,controls.capability.failure-severity-model,control.bq-0875
BQ-0876,P0,"22. QA, Render Review & Automated Evaluation",Creation-regression suite,Contract,tools/validate_pack.py / QA_GATES.md,"Maintain representative prompt fixtures across industries and creation types to test routing, output completeness, genericity, and visual quality after pack changes.",controls/22-qa-render-review-and-automated-evaluation.md,controls.capability.creation-regression-suite,control.bq-0876
BQ-0877,P0,"22. QA, Render Review & Automated Evaluation",Creation-regression suite,Procedure,tools/validate_pack.py / QA_GATES.md,"Maintain representative prompt fixtures across industries and creation types to test routing, output completeness, genericity, and visual quality after pack changes.",controls/22-qa-render-review-and-automated-evaluation.md,controls.capability.creation-regression-suite,control.bq-0877
BQ-0878,P0,"22. QA, Render Review & Automated Evaluation",Creation-regression suite,Evidence Gate,tools/validate_pack.py / QA_GATES.md,"Maintain representative prompt fixtures across industries and creation types to test routing, output completeness, genericity, and visual quality after pack changes.",controls/22-qa-render-review-and-automated-evaluation.md,controls.capability.creation-regression-suite,control.bq-0878
BQ-0879,P0,"22. QA, Render Review & Automated Evaluation",Creation-regression suite,Recovery,tools/validate_pack.py / QA_GATES.md,"Maintain representative prompt fixtures across industries and creation types to test routing, output completeness, genericity, and visual quality after pack changes.",controls/22-qa-render-review-and-automated-evaluation.md,controls.capability.creation-regression-suite,control.bq-0879
BQ-0880,P0,"22. QA, Render Review & Automated Evaluation",Creation-regression suite,Regression,tools/validate_pack.py / QA_GATES.md,"Maintain representative prompt fixtures across industries and creation types to test routing, output completeness, genericity, and visual quality after pack changes.",controls/22-qa-render-review-and-automated-evaluation.md,controls.capability.creation-regression-suite,control.bq-0880
BQ-0881,P1,"23. Jobs, SOPs & Operational Systems",Role-scope integrity,Contract,JOBS.md,"Define responsibilities, authority, inputs, outputs, decisions, interfaces, and exclusions for every role instead of title-only descriptions.",controls/23-jobs-sops-and-operational-systems.md,controls.capability.role-scope-integrity,control.bq-0881
BQ-0882,P1,"23. Jobs, SOPs & Operational Systems",Role-scope integrity,Procedure,JOBS.md,"Define responsibilities, authority, inputs, outputs, decisions, interfaces, and exclusions for every role instead of title-only descriptions.",controls/23-jobs-sops-and-operational-systems.md,controls.capability.role-scope-integrity,control.bq-0882
BQ-0883,P1,"23. Jobs, SOPs & Operational Systems",Role-scope integrity,Evidence Gate,JOBS.md,"Define responsibilities, authority, inputs, outputs, decisions, interfaces, and exclusions for every role instead of title-only descriptions.",controls/23-jobs-sops-and-operational-systems.md,controls.capability.role-scope-integrity,control.bq-0883
BQ-0884,P1,"23. Jobs, SOPs & Operational Systems",Role-scope integrity,Recovery,JOBS.md,"Define responsibilities, authority, inputs, outputs, decisions, interfaces, and exclusions for every role instead of title-only descriptions.",controls/23-jobs-sops-and-operational-systems.md,controls.capability.role-scope-integrity,control.bq-0884
BQ-0885,P1,"23. Jobs, SOPs & Operational Systems",Role-scope integrity,Regression,JOBS.md,"Define responsibilities, authority, inputs, outputs, decisions, interfaces, and exclusions for every role instead of title-only descriptions.",controls/23-jobs-sops-and-operational-systems.md,controls.capability.role-scope-integrity,control.bq-0885
BQ-0886,P0,"23. Jobs, SOPs & Operational Systems",SOP trigger conditions,Contract,operations/*,"Specify exactly when each SOP starts, prerequisites, required inputs, responsible role, and completion condition.",controls/23-jobs-sops-and-operational-systems.md,controls.capability.sop-trigger-conditions,control.bq-0886
BQ-0887,P0,"23. Jobs, SOPs & Operational Systems",SOP trigger conditions,Procedure,operations/*,"Specify exactly when each SOP starts, prerequisites, required inputs, responsible role, and completion condition.",controls/23-jobs-sops-and-operational-systems.md,controls.capability.sop-trigger-conditions,control.bq-0887
BQ-0888,P0,"23. Jobs, SOPs & Operational Systems",SOP trigger conditions,Evidence Gate,operations/*,"Specify exactly when each SOP starts, prerequisites, required inputs, responsible role, and completion condition.",controls/23-jobs-sops-and-operational-systems.md,controls.capability.sop-trigger-conditions,control.bq-0888
BQ-0889,P0,"23. Jobs, SOPs & Operational Systems",SOP trigger conditions,Recovery,operations/*,"Specify exactly when each SOP starts, prerequisites, required inputs, responsible role, and completion condition.",controls/23-jobs-sops-and-operational-systems.md,controls.capability.sop-trigger-conditions,control.bq-0889
BQ-0890,P0,"23. Jobs, SOPs & Operational Systems",SOP trigger conditions,Regression,operations/*,"Specify exactly when each SOP starts, prerequisites, required inputs, responsible role, and completion condition.",controls/23-jobs-sops-and-operational-systems.md,controls.capability.sop-trigger-conditions,control.bq-0890
BQ-0891,P0,"23. Jobs, SOPs & Operational Systems",SOP exception handling,Contract,operations/*,"Include common exceptions, escalation paths, stop conditions, and recovery steps rather than only the happy path.",controls/23-jobs-sops-and-operational-systems.md,controls.capability.sop-exception-handling,control.bq-0891
BQ-0892,P0,"23. Jobs, SOPs & Operational Systems",SOP exception handling,Procedure,operations/*,"Include common exceptions, escalation paths, stop conditions, and recovery steps rather than only the happy path.",controls/23-jobs-sops-and-operational-systems.md,controls.capability.sop-exception-handling,control.bq-0892
BQ-0893,P0,"23. Jobs, SOPs & Operational Systems",SOP exception handling,Evidence Gate,operations/*,"Include common exceptions, escalation paths, stop conditions, and recovery steps rather than only the happy path.",controls/23-jobs-sops-and-operational-systems.md,controls.capability.sop-exception-handling,control.bq-0893
BQ-0894,P0,"23. Jobs, SOPs & Operational Systems",SOP exception handling,Recovery,operations/*,"Include common exceptions, escalation paths, stop conditions, and recovery steps rather than only the happy path.",controls/23-jobs-sops-and-operational-systems.md,controls.capability.sop-exception-handling,control.bq-0894
BQ-0895,P0,"23. Jobs, SOPs & Operational Systems",SOP exception handling,Regression,operations/*,"Include common exceptions, escalation paths, stop conditions, and recovery steps rather than only the happy path.",controls/23-jobs-sops-and-operational-systems.md,controls.capability.sop-exception-handling,control.bq-0895
BQ-0896,P1,"23. Jobs, SOPs & Operational Systems",Operational evidence,Contract,operations/*,"Define what records, artifacts, approvals, measurements, or logs prove an operational step was completed correctly.",controls/23-jobs-sops-and-operational-systems.md,controls.capability.operational-evidence,control.bq-0896
BQ-0897,P1,"23. Jobs, SOPs & Operational Systems",Operational evidence,Procedure,operations/*,"Define what records, artifacts, approvals, measurements, or logs prove an operational step was completed correctly.",controls/23-jobs-sops-and-operational-systems.md,controls.capability.operational-evidence,control.bq-0897
BQ-0898,P1,"23. Jobs, SOPs & Operational Systems",Operational evidence,Evidence Gate,operations/*,"Define what records, artifacts, approvals, measurements, or logs prove an operational step was completed correctly.",controls/23-jobs-sops-and-operational-systems.md,controls.capability.operational-evidence,control.bq-0898
BQ-0899,P1,"23. Jobs, SOPs & Operational Systems",Operational evidence,Recovery,operations/*,"Define what records, artifacts, approvals, measurements, or logs prove an operational step was completed correctly.",controls/23-jobs-sops-and-operational-systems.md,controls.capability.operational-evidence,control.bq-0899
BQ-0900,P1,"23. Jobs, SOPs & Operational Systems",Operational evidence,Regression,operations/*,"Define what records, artifacts, approvals, measurements, or logs prove an operational step was completed correctly.",controls/23-jobs-sops-and-operational-systems.md,controls.capability.operational-evidence,control.bq-0900
BQ-0901,P1,"23. Jobs, SOPs & Operational Systems",Role-to-SOP coverage,Contract,JOBS.md / MANIFEST.md,Check that critical role responsibilities map to at least one operating procedure and that procedures have clear accountable roles.,controls/23-jobs-sops-and-operational-systems.md,controls.capability.role-to-sop-coverage,control.bq-0901
BQ-0902,P1,"23. Jobs, SOPs & Operational Systems",Role-to-SOP coverage,Procedure,JOBS.md / MANIFEST.md,Check that critical role responsibilities map to at least one operating procedure and that procedures have clear accountable roles.,controls/23-jobs-sops-and-operational-systems.md,controls.capability.role-to-sop-coverage,control.bq-0902
BQ-0903,P1,"23. Jobs, SOPs & Operational Systems",Role-to-SOP coverage,Evidence Gate,JOBS.md / MANIFEST.md,Check that critical role responsibilities map to at least one operating procedure and that procedures have clear accountable roles.,controls/23-jobs-sops-and-operational-systems.md,controls.capability.role-to-sop-coverage,control.bq-0903
BQ-0904,P1,"23. Jobs, SOPs & Operational Systems",Role-to-SOP coverage,Recovery,JOBS.md / MANIFEST.md,Check that critical role responsibilities map to at least one operating procedure and that procedures have clear accountable roles.,controls/23-jobs-sops-and-operational-systems.md,controls.capability.role-to-sop-coverage,control.bq-0904
BQ-0905,P1,"23. Jobs, SOPs & Operational Systems",Role-to-SOP coverage,Regression,JOBS.md / MANIFEST.md,Check that critical role responsibilities map to at least one operating procedure and that procedures have clear accountable roles.,controls/23-jobs-sops-and-operational-systems.md,controls.capability.role-to-sop-coverage,control.bq-0905
BQ-0906,P1,"23. Jobs, SOPs & Operational Systems",Metric ownership,Contract,JOBS.md / operations/*,"Assign operational metrics to roles with definition, source, cadence, target/threshold provenance, and either verified target/threshold values or an explicit organization-specific not-supplied state.",controls/23-jobs-sops-and-operational-systems.md,controls.capability.metric-ownership,control.bq-0906
BQ-0907,P1,"23. Jobs, SOPs & Operational Systems",Metric ownership,Procedure,JOBS.md / operations/*,"Assign operational metrics to roles with definition, source, cadence, target/threshold provenance, and either verified target/threshold values or an explicit organization-specific not-supplied state.",controls/23-jobs-sops-and-operational-systems.md,controls.capability.metric-ownership,control.bq-0907
BQ-0908,P1,"23. Jobs, SOPs & Operational Systems",Metric ownership,Evidence Gate,JOBS.md / operations/*,"Assign operational metrics to roles with definition, source, cadence, target/threshold provenance, and either verified target/threshold values or an explicit organization-specific not-supplied state.",controls/23-jobs-sops-and-operational-systems.md,controls.capability.metric-ownership,control.bq-0908
BQ-0909,P1,"23. Jobs, SOPs & Operational Systems",Metric ownership,Recovery,JOBS.md / operations/*,"Assign operational metrics to roles with definition, source, cadence, target/threshold provenance, and either verified target/threshold values or an explicit organization-specific not-supplied state.",controls/23-jobs-sops-and-operational-systems.md,controls.capability.metric-ownership,control.bq-0909
BQ-0910,P1,"23. Jobs, SOPs & Operational Systems",Metric ownership,Regression,JOBS.md / operations/*,"Assign operational metrics to roles with definition, source, cadence, target/threshold provenance, and either verified target/threshold values or an explicit organization-specific not-supplied state.",controls/23-jobs-sops-and-operational-systems.md,controls.capability.metric-ownership,control.bq-0910
BQ-0911,P1,"23. Jobs, SOPs & Operational Systems",Handoff contracts,Contract,operations/*,"Define information, quality, timing, and acceptance requirements when work passes between roles or departments.",controls/23-jobs-sops-and-operational-systems.md,controls.capability.handoff-contracts,control.bq-0911
BQ-0912,P1,"23. Jobs, SOPs & Operational Systems",Handoff contracts,Procedure,operations/*,"Define information, quality, timing, and acceptance requirements when work passes between roles or departments.",controls/23-jobs-sops-and-operational-systems.md,controls.capability.handoff-contracts,control.bq-0912
BQ-0913,P1,"23. Jobs, SOPs & Operational Systems",Handoff contracts,Evidence Gate,operations/*,"Define information, quality, timing, and acceptance requirements when work passes between roles or departments.",controls/23-jobs-sops-and-operational-systems.md,controls.capability.handoff-contracts,control.bq-0913
BQ-0914,P1,"23. Jobs, SOPs & Operational Systems",Handoff contracts,Recovery,operations/*,"Define information, quality, timing, and acceptance requirements when work passes between roles or departments.",controls/23-jobs-sops-and-operational-systems.md,controls.capability.handoff-contracts,control.bq-0914
BQ-0915,P1,"23. Jobs, SOPs & Operational Systems",Handoff contracts,Regression,operations/*,"Define information, quality, timing, and acceptance requirements when work passes between roles or departments.",controls/23-jobs-sops-and-operational-systems.md,controls.capability.handoff-contracts,control.bq-0915
BQ-0916,P0,"23. Jobs, SOPs & Operational Systems",Operational-risk routing,Contract,operations/* / SECURITY.md / LEGAL.md,"Trigger safety, privacy, legal, security, or financial controls from the actual SOP step where risk appears.",controls/23-jobs-sops-and-operational-systems.md,controls.capability.operational-risk-routing,control.bq-0916
BQ-0917,P0,"23. Jobs, SOPs & Operational Systems",Operational-risk routing,Procedure,operations/* / SECURITY.md / LEGAL.md,"Trigger safety, privacy, legal, security, or financial controls from the actual SOP step where risk appears.",controls/23-jobs-sops-and-operational-systems.md,controls.capability.operational-risk-routing,control.bq-0917
BQ-0918,P0,"23. Jobs, SOPs & Operational Systems",Operational-risk routing,Evidence Gate,operations/* / SECURITY.md / LEGAL.md,"Trigger safety, privacy, legal, security, or financial controls from the actual SOP step where risk appears.",controls/23-jobs-sops-and-operational-systems.md,controls.capability.operational-risk-routing,control.bq-0918
BQ-0919,P0,"23. Jobs, SOPs & Operational Systems",Operational-risk routing,Recovery,operations/* / SECURITY.md / LEGAL.md,"Trigger safety, privacy, legal, security, or financial controls from the actual SOP step where risk appears.",controls/23-jobs-sops-and-operational-systems.md,controls.capability.operational-risk-routing,control.bq-0919
BQ-0920,P0,"23. Jobs, SOPs & Operational Systems",Operational-risk routing,Regression,operations/* / SECURITY.md / LEGAL.md,"Trigger safety, privacy, legal, security, or financial controls from the actual SOP step where risk appears.",controls/23-jobs-sops-and-operational-systems.md,controls.capability.operational-risk-routing,control.bq-0920
BQ-0921,P0,"24. Packaging, Delivery & Repository Integration",Deliverable manifest,Contract,README.md / QA_GATES.md,"Generate a final manifest of files, purposes, entry points, dependencies, assets, and known configuration requirements.",controls/24-packaging-delivery-and-repository-integration.md,controls.capability.deliverable-manifest,control.bq-0921
BQ-0922,P0,"24. Packaging, Delivery & Repository Integration",Deliverable manifest,Procedure,README.md / QA_GATES.md,"Generate a final manifest of files, purposes, entry points, dependencies, assets, and known configuration requirements.",controls/24-packaging-delivery-and-repository-integration.md,controls.capability.deliverable-manifest,control.bq-0922
BQ-0923,P0,"24. Packaging, Delivery & Repository Integration",Deliverable manifest,Evidence Gate,README.md / QA_GATES.md,"Generate a final manifest of files, purposes, entry points, dependencies, assets, and known configuration requirements.",controls/24-packaging-delivery-and-repository-integration.md,controls.capability.deliverable-manifest,control.bq-0923
BQ-0924,P0,"24. Packaging, Delivery & Repository Integration",Deliverable manifest,Recovery,README.md / QA_GATES.md,"Generate a final manifest of files, purposes, entry points, dependencies, assets, and known configuration requirements.",controls/24-packaging-delivery-and-repository-integration.md,controls.capability.deliverable-manifest,control.bq-0924
BQ-0925,P0,"24. Packaging, Delivery & Repository Integration",Deliverable manifest,Regression,README.md / QA_GATES.md,"Generate a final manifest of files, purposes, entry points, dependencies, assets, and known configuration requirements.",controls/24-packaging-delivery-and-repository-integration.md,controls.capability.deliverable-manifest,control.bq-0925
BQ-0926,P0,"24. Packaging, Delivery & Repository Integration",Self-contained delivery check,Contract,ASSETS.md / QA_GATES.md,"Verify local deliverables do not depend on inaccessible temporary paths, placeholder URLs, hidden session state, or missing generated assets.",controls/24-packaging-delivery-and-repository-integration.md,controls.capability.self-contained-delivery-check,control.bq-0926
BQ-0927,P0,"24. Packaging, Delivery & Repository Integration",Self-contained delivery check,Procedure,ASSETS.md / QA_GATES.md,"Verify local deliverables do not depend on inaccessible temporary paths, placeholder URLs, hidden session state, or missing generated assets.",controls/24-packaging-delivery-and-repository-integration.md,controls.capability.self-contained-delivery-check,control.bq-0927
BQ-0928,P0,"24. Packaging, Delivery & Repository Integration",Self-contained delivery check,Evidence Gate,ASSETS.md / QA_GATES.md,"Verify local deliverables do not depend on inaccessible temporary paths, placeholder URLs, hidden session state, or missing generated assets.",controls/24-packaging-delivery-and-repository-integration.md,controls.capability.self-contained-delivery-check,control.bq-0928
BQ-0929,P0,"24. Packaging, Delivery & Repository Integration",Self-contained delivery check,Recovery,ASSETS.md / QA_GATES.md,"Verify local deliverables do not depend on inaccessible temporary paths, placeholder URLs, hidden session state, or missing generated assets.",controls/24-packaging-delivery-and-repository-integration.md,controls.capability.self-contained-delivery-check,control.bq-0929
BQ-0930,P0,"24. Packaging, Delivery & Repository Integration",Self-contained delivery check,Regression,ASSETS.md / QA_GATES.md,"Verify local deliverables do not depend on inaccessible temporary paths, placeholder URLs, hidden session state, or missing generated assets.",controls/24-packaging-delivery-and-repository-integration.md,controls.capability.self-contained-delivery-check,control.bq-0930
BQ-0931,P1,"24. Packaging, Delivery & Repository Integration",Environment setup clarity,Contract,README.md,"Include exact run, build, test, and configuration instructions proportional to the artifact's technical complexity.",controls/24-packaging-delivery-and-repository-integration.md,controls.capability.environment-setup-clarity,control.bq-0931
BQ-0932,P1,"24. Packaging, Delivery & Repository Integration",Environment setup clarity,Procedure,README.md,"Include exact run, build, test, and configuration instructions proportional to the artifact's technical complexity.",controls/24-packaging-delivery-and-repository-integration.md,controls.capability.environment-setup-clarity,control.bq-0932
BQ-0933,P1,"24. Packaging, Delivery & Repository Integration",Environment setup clarity,Evidence Gate,README.md,"Include exact run, build, test, and configuration instructions proportional to the artifact's technical complexity.",controls/24-packaging-delivery-and-repository-integration.md,controls.capability.environment-setup-clarity,control.bq-0933
BQ-0934,P1,"24. Packaging, Delivery & Repository Integration",Environment setup clarity,Recovery,README.md,"Include exact run, build, test, and configuration instructions proportional to the artifact's technical complexity.",controls/24-packaging-delivery-and-repository-integration.md,controls.capability.environment-setup-clarity,control.bq-0934
BQ-0935,P1,"24. Packaging, Delivery & Repository Integration",Environment setup clarity,Regression,README.md,"Include exact run, build, test, and configuration instructions proportional to the artifact's technical complexity.",controls/24-packaging-delivery-and-repository-integration.md,controls.capability.environment-setup-clarity,control.bq-0935
BQ-0936,P1,"24. Packaging, Delivery & Repository Integration",Config-vs-content separation,Contract,STRUCTURE.md,Keep user-editable business facts and settings separate from structural implementation where practical.,controls/24-packaging-delivery-and-repository-integration.md,controls.capability.config-vs-content-separation,control.bq-0936
BQ-0937,P1,"24. Packaging, Delivery & Repository Integration",Config-vs-content separation,Procedure,STRUCTURE.md,Keep user-editable business facts and settings separate from structural implementation where practical.,controls/24-packaging-delivery-and-repository-integration.md,controls.capability.config-vs-content-separation,control.bq-0937
BQ-0938,P1,"24. Packaging, Delivery & Repository Integration",Config-vs-content separation,Evidence Gate,STRUCTURE.md,Keep user-editable business facts and settings separate from structural implementation where practical.,controls/24-packaging-delivery-and-repository-integration.md,controls.capability.config-vs-content-separation,control.bq-0938
BQ-0939,P1,"24. Packaging, Delivery & Repository Integration",Config-vs-content separation,Recovery,STRUCTURE.md,Keep user-editable business facts and settings separate from structural implementation where practical.,controls/24-packaging-delivery-and-repository-integration.md,controls.capability.config-vs-content-separation,control.bq-0939
BQ-0940,P1,"24. Packaging, Delivery & Repository Integration",Config-vs-content separation,Regression,STRUCTURE.md,Keep user-editable business facts and settings separate from structural implementation where practical.,controls/24-packaging-delivery-and-repository-integration.md,controls.capability.config-vs-content-separation,control.bq-0940
BQ-0941,P0,"24. Packaging, Delivery & Repository Integration",Repository-scope guard,Contract,README.md,"When modifying an existing repository, constrain changes to the requested scope and avoid rewriting unrelated pack or project files.",controls/24-packaging-delivery-and-repository-integration.md,controls.capability.repository-scope-guard,control.bq-0941
BQ-0942,P0,"24. Packaging, Delivery & Repository Integration",Repository-scope guard,Procedure,README.md,"When modifying an existing repository, constrain changes to the requested scope and avoid rewriting unrelated pack or project files.",controls/24-packaging-delivery-and-repository-integration.md,controls.capability.repository-scope-guard,control.bq-0942
BQ-0943,P0,"24. Packaging, Delivery & Repository Integration",Repository-scope guard,Evidence Gate,README.md,"When modifying an existing repository, constrain changes to the requested scope and avoid rewriting unrelated pack or project files.",controls/24-packaging-delivery-and-repository-integration.md,controls.capability.repository-scope-guard,control.bq-0943
BQ-0944,P0,"24. Packaging, Delivery & Repository Integration",Repository-scope guard,Recovery,README.md,"When modifying an existing repository, constrain changes to the requested scope and avoid rewriting unrelated pack or project files.",controls/24-packaging-delivery-and-repository-integration.md,controls.capability.repository-scope-guard,control.bq-0944
BQ-0945,P0,"24. Packaging, Delivery & Repository Integration",Repository-scope guard,Regression,README.md,"When modifying an existing repository, constrain changes to the requested scope and avoid rewriting unrelated pack or project files.",controls/24-packaging-delivery-and-repository-integration.md,controls.capability.repository-scope-guard,control.bq-0945
BQ-0946,P0,"24. Packaging, Delivery & Repository Integration",Change-summary evidence,Contract,QA_GATES.md,"Report what changed, what was intentionally untouched, what checks ran, and any unresolved limitations after modifications.",controls/24-packaging-delivery-and-repository-integration.md,controls.capability.change-summary-evidence,control.bq-0946
BQ-0947,P0,"24. Packaging, Delivery & Repository Integration",Change-summary evidence,Procedure,QA_GATES.md,"Report what changed, what was intentionally untouched, what checks ran, and any unresolved limitations after modifications.",controls/24-packaging-delivery-and-repository-integration.md,controls.capability.change-summary-evidence,control.bq-0947
BQ-0948,P0,"24. Packaging, Delivery & Repository Integration",Change-summary evidence,Evidence Gate,QA_GATES.md,"Report what changed, what was intentionally untouched, what checks ran, and any unresolved limitations after modifications.",controls/24-packaging-delivery-and-repository-integration.md,controls.capability.change-summary-evidence,control.bq-0948
BQ-0949,P0,"24. Packaging, Delivery & Repository Integration",Change-summary evidence,Recovery,QA_GATES.md,"Report what changed, what was intentionally untouched, what checks ran, and any unresolved limitations after modifications.",controls/24-packaging-delivery-and-repository-integration.md,controls.capability.change-summary-evidence,control.bq-0949
BQ-0950,P0,"24. Packaging, Delivery & Repository Integration",Change-summary evidence,Regression,QA_GATES.md,"Report what changed, what was intentionally untouched, what checks ran, and any unresolved limitations after modifications.",controls/24-packaging-delivery-and-repository-integration.md,controls.capability.change-summary-evidence,control.bq-0950
BQ-0951,P0,"24. Packaging, Delivery & Repository Integration",Artifact-link integrity,Contract,QA_GATES.md,Verify every delivered file actually exists at the referenced path and that archives contain the expected contents.,controls/24-packaging-delivery-and-repository-integration.md,controls.capability.artifact-link-integrity,control.bq-0951
BQ-0952,P0,"24. Packaging, Delivery & Repository Integration",Artifact-link integrity,Procedure,QA_GATES.md,Verify every delivered file actually exists at the referenced path and that archives contain the expected contents.,controls/24-packaging-delivery-and-repository-integration.md,controls.capability.artifact-link-integrity,control.bq-0952
BQ-0953,P0,"24. Packaging, Delivery & Repository Integration",Artifact-link integrity,Evidence Gate,QA_GATES.md,Verify every delivered file actually exists at the referenced path and that archives contain the expected contents.,controls/24-packaging-delivery-and-repository-integration.md,controls.capability.artifact-link-integrity,control.bq-0953
BQ-0954,P0,"24. Packaging, Delivery & Repository Integration",Artifact-link integrity,Recovery,QA_GATES.md,Verify every delivered file actually exists at the referenced path and that archives contain the expected contents.,controls/24-packaging-delivery-and-repository-integration.md,controls.capability.artifact-link-integrity,control.bq-0954
BQ-0955,P0,"24. Packaging, Delivery & Repository Integration",Artifact-link integrity,Regression,QA_GATES.md,Verify every delivered file actually exists at the referenced path and that archives contain the expected contents.,controls/24-packaging-delivery-and-repository-integration.md,controls.capability.artifact-link-integrity,control.bq-0955
BQ-0956,P1,"24. Packaging, Delivery & Repository Integration",Handoff readiness,Contract,README.md / QA_GATES.md,"Ensure another developer or operator can identify entry points, replace configuration, run the artifact, and understand known constraints without hidden context.",controls/24-packaging-delivery-and-repository-integration.md,controls.capability.handoff-readiness,control.bq-0956
BQ-0957,P1,"24. Packaging, Delivery & Repository Integration",Handoff readiness,Procedure,README.md / QA_GATES.md,"Ensure another developer or operator can identify entry points, replace configuration, run the artifact, and understand known constraints without hidden context.",controls/24-packaging-delivery-and-repository-integration.md,controls.capability.handoff-readiness,control.bq-0957
BQ-0958,P1,"24. Packaging, Delivery & Repository Integration",Handoff readiness,Evidence Gate,README.md / QA_GATES.md,"Ensure another developer or operator can identify entry points, replace configuration, run the artifact, and understand known constraints without hidden context.",controls/24-packaging-delivery-and-repository-integration.md,controls.capability.handoff-readiness,control.bq-0958
BQ-0959,P1,"24. Packaging, Delivery & Repository Integration",Handoff readiness,Recovery,README.md / QA_GATES.md,"Ensure another developer or operator can identify entry points, replace configuration, run the artifact, and understand known constraints without hidden context.",controls/24-packaging-delivery-and-repository-integration.md,controls.capability.handoff-readiness,control.bq-0959
BQ-0960,P1,"24. Packaging, Delivery & Repository Integration",Handoff readiness,Regression,README.md / QA_GATES.md,"Ensure another developer or operator can identify entry points, replace configuration, run the artifact, and understand known constraints without hidden context.",controls/24-packaging-delivery-and-repository-integration.md,controls.capability.handoff-readiness,control.bq-0960
BQ-0961,P0,"25. Pack Governance, Versioning, Evals & Self-Improvement",Rule ownership map,Contract,MANIFEST.md,Assign every normative rule to one canonical module and make duplicate or conflicting definitions detectable.,controls/25-pack-governance-versioning-evals-and-self-improvement.md,controls.capability.rule-ownership-map,control.bq-0961
BQ-0962,P0,"25. Pack Governance, Versioning, Evals & Self-Improvement",Rule ownership map,Procedure,MANIFEST.md,Assign every normative rule to one canonical module and make duplicate or conflicting definitions detectable.,controls/25-pack-governance-versioning-evals-and-self-improvement.md,controls.capability.rule-ownership-map,control.bq-0962
BQ-0963,P0,"25. Pack Governance, Versioning, Evals & Self-Improvement",Rule ownership map,Evidence Gate,MANIFEST.md,Assign every normative rule to one canonical module and make duplicate or conflicting definitions detectable.,controls/25-pack-governance-versioning-evals-and-self-improvement.md,controls.capability.rule-ownership-map,control.bq-0963
BQ-0964,P0,"25. Pack Governance, Versioning, Evals & Self-Improvement",Rule ownership map,Recovery,MANIFEST.md,Assign every normative rule to one canonical module and make duplicate or conflicting definitions detectable.,controls/25-pack-governance-versioning-evals-and-self-improvement.md,controls.capability.rule-ownership-map,control.bq-0964
BQ-0965,P0,"25. Pack Governance, Versioning, Evals & Self-Improvement",Rule ownership map,Regression,MANIFEST.md,Assign every normative rule to one canonical module and make duplicate or conflicting definitions detectable.,controls/25-pack-governance-versioning-evals-and-self-improvement.md,controls.capability.rule-ownership-map,control.bq-0965
BQ-0966,P0,"25. Pack Governance, Versioning, Evals & Self-Improvement",Stable-rule identifiers,Contract,MANIFEST.md,"Give major standards stable IDs so tests, project state, and future versions can reference rules without fragile heading text.",controls/25-pack-governance-versioning-evals-and-self-improvement.md,controls.capability.stable-rule-identifiers,control.bq-0966
BQ-0967,P0,"25. Pack Governance, Versioning, Evals & Self-Improvement",Stable-rule identifiers,Procedure,MANIFEST.md,"Give major standards stable IDs so tests, project state, and future versions can reference rules without fragile heading text.",controls/25-pack-governance-versioning-evals-and-self-improvement.md,controls.capability.stable-rule-identifiers,control.bq-0967
BQ-0968,P0,"25. Pack Governance, Versioning, Evals & Self-Improvement",Stable-rule identifiers,Evidence Gate,MANIFEST.md,"Give major standards stable IDs so tests, project state, and future versions can reference rules without fragile heading text.",controls/25-pack-governance-versioning-evals-and-self-improvement.md,controls.capability.stable-rule-identifiers,control.bq-0968
BQ-0969,P0,"25. Pack Governance, Versioning, Evals & Self-Improvement",Stable-rule identifiers,Recovery,MANIFEST.md,"Give major standards stable IDs so tests, project state, and future versions can reference rules without fragile heading text.",controls/25-pack-governance-versioning-evals-and-self-improvement.md,controls.capability.stable-rule-identifiers,control.bq-0969
BQ-0970,P0,"25. Pack Governance, Versioning, Evals & Self-Improvement",Stable-rule identifiers,Regression,MANIFEST.md,"Give major standards stable IDs so tests, project state, and future versions can reference rules without fragile heading text.",controls/25-pack-governance-versioning-evals-and-self-improvement.md,controls.capability.stable-rule-identifiers,control.bq-0970
BQ-0971,P1,"25. Pack Governance, Versioning, Evals & Self-Improvement",Semantic-version policy,Contract,README.md / MANIFEST.md,"Define which changes require major, minor, or patch version increments and enforce consistency across module metadata.",controls/25-pack-governance-versioning-evals-and-self-improvement.md,controls.capability.semantic-version-policy,control.bq-0971
BQ-0972,P1,"25. Pack Governance, Versioning, Evals & Self-Improvement",Semantic-version policy,Procedure,README.md / MANIFEST.md,"Define which changes require major, minor, or patch version increments and enforce consistency across module metadata.",controls/25-pack-governance-versioning-evals-and-self-improvement.md,controls.capability.semantic-version-policy,control.bq-0972
BQ-0973,P1,"25. Pack Governance, Versioning, Evals & Self-Improvement",Semantic-version policy,Evidence Gate,README.md / MANIFEST.md,"Define which changes require major, minor, or patch version increments and enforce consistency across module metadata.",controls/25-pack-governance-versioning-evals-and-self-improvement.md,controls.capability.semantic-version-policy,control.bq-0973
BQ-0974,P1,"25. Pack Governance, Versioning, Evals & Self-Improvement",Semantic-version policy,Recovery,README.md / MANIFEST.md,"Define which changes require major, minor, or patch version increments and enforce consistency across module metadata.",controls/25-pack-governance-versioning-evals-and-self-improvement.md,controls.capability.semantic-version-policy,control.bq-0974
BQ-0975,P1,"25. Pack Governance, Versioning, Evals & Self-Improvement",Semantic-version policy,Regression,README.md / MANIFEST.md,"Define which changes require major, minor, or patch version increments and enforce consistency across module metadata.",controls/25-pack-governance-versioning-evals-and-self-improvement.md,controls.capability.semantic-version-policy,control.bq-0975
BQ-0976,P1,"25. Pack Governance, Versioning, Evals & Self-Improvement",Migration notes,Contract,README.md,"For behavior-changing releases, document changed rules, renamed IDs, new defaults, regressions addressed, and compatibility implications.",controls/25-pack-governance-versioning-evals-and-self-improvement.md,controls.capability.migration-notes,control.bq-0976
BQ-0977,P1,"25. Pack Governance, Versioning, Evals & Self-Improvement",Migration notes,Procedure,README.md,"For behavior-changing releases, document changed rules, renamed IDs, new defaults, regressions addressed, and compatibility implications.",controls/25-pack-governance-versioning-evals-and-self-improvement.md,controls.capability.migration-notes,control.bq-0977
BQ-0978,P1,"25. Pack Governance, Versioning, Evals & Self-Improvement",Migration notes,Evidence Gate,README.md,"For behavior-changing releases, document changed rules, renamed IDs, new defaults, regressions addressed, and compatibility implications.",controls/25-pack-governance-versioning-evals-and-self-improvement.md,controls.capability.migration-notes,control.bq-0978
BQ-0979,P1,"25. Pack Governance, Versioning, Evals & Self-Improvement",Migration notes,Recovery,README.md,"For behavior-changing releases, document changed rules, renamed IDs, new defaults, regressions addressed, and compatibility implications.",controls/25-pack-governance-versioning-evals-and-self-improvement.md,controls.capability.migration-notes,control.bq-0979
BQ-0980,P1,"25. Pack Governance, Versioning, Evals & Self-Improvement",Migration notes,Regression,README.md,"For behavior-changing releases, document changed rules, renamed IDs, new defaults, regressions addressed, and compatibility implications.",controls/25-pack-governance-versioning-evals-and-self-improvement.md,controls.capability.migration-notes,control.bq-0980
BQ-0981,P0,"25. Pack Governance, Versioning, Evals & Self-Improvement",Pack-lint coverage,Contract,tools/validate_pack.py,"Expand validation beyond IDs to references, dependencies, metadata, orphan sections, contradictory defaults, broken file paths, and stale version strings.",controls/25-pack-governance-versioning-evals-and-self-improvement.md,controls.capability.pack-lint-coverage,control.bq-0981
BQ-0982,P0,"25. Pack Governance, Versioning, Evals & Self-Improvement",Pack-lint coverage,Procedure,tools/validate_pack.py,"Expand validation beyond IDs to references, dependencies, metadata, orphan sections, contradictory defaults, broken file paths, and stale version strings.",controls/25-pack-governance-versioning-evals-and-self-improvement.md,controls.capability.pack-lint-coverage,control.bq-0982
BQ-0983,P0,"25. Pack Governance, Versioning, Evals & Self-Improvement",Pack-lint coverage,Evidence Gate,tools/validate_pack.py,"Expand validation beyond IDs to references, dependencies, metadata, orphan sections, contradictory defaults, broken file paths, and stale version strings.",controls/25-pack-governance-versioning-evals-and-self-improvement.md,controls.capability.pack-lint-coverage,control.bq-0983
BQ-0984,P0,"25. Pack Governance, Versioning, Evals & Self-Improvement",Pack-lint coverage,Recovery,tools/validate_pack.py,"Expand validation beyond IDs to references, dependencies, metadata, orphan sections, contradictory defaults, broken file paths, and stale version strings.",controls/25-pack-governance-versioning-evals-and-self-improvement.md,controls.capability.pack-lint-coverage,control.bq-0984
BQ-0985,P0,"25. Pack Governance, Versioning, Evals & Self-Improvement",Pack-lint coverage,Regression,tools/validate_pack.py,"Expand validation beyond IDs to references, dependencies, metadata, orphan sections, contradictory defaults, broken file paths, and stale version strings.",controls/25-pack-governance-versioning-evals-and-self-improvement.md,controls.capability.pack-lint-coverage,control.bq-0985
BQ-0986,P0,"25. Pack Governance, Versioning, Evals & Self-Improvement",Prompt-regression benchmark,Contract,QA_GATES.md,"Maintain scored benchmark prompts representing websites, apps, documents, strategy, operations, regulated domains, ambiguous businesses, and asset-heavy tasks.",controls/25-pack-governance-versioning-evals-and-self-improvement.md,controls.capability.prompt-regression-benchmark,control.bq-0986
BQ-0987,P0,"25. Pack Governance, Versioning, Evals & Self-Improvement",Prompt-regression benchmark,Procedure,QA_GATES.md,"Maintain scored benchmark prompts representing websites, apps, documents, strategy, operations, regulated domains, ambiguous businesses, and asset-heavy tasks.",controls/25-pack-governance-versioning-evals-and-self-improvement.md,controls.capability.prompt-regression-benchmark,control.bq-0987
BQ-0988,P0,"25. Pack Governance, Versioning, Evals & Self-Improvement",Prompt-regression benchmark,Evidence Gate,QA_GATES.md,"Maintain scored benchmark prompts representing websites, apps, documents, strategy, operations, regulated domains, ambiguous businesses, and asset-heavy tasks.",controls/25-pack-governance-versioning-evals-and-self-improvement.md,controls.capability.prompt-regression-benchmark,control.bq-0988
BQ-0989,P0,"25. Pack Governance, Versioning, Evals & Self-Improvement",Prompt-regression benchmark,Recovery,QA_GATES.md,"Maintain scored benchmark prompts representing websites, apps, documents, strategy, operations, regulated domains, ambiguous businesses, and asset-heavy tasks.",controls/25-pack-governance-versioning-evals-and-self-improvement.md,controls.capability.prompt-regression-benchmark,control.bq-0989
BQ-0990,P0,"25. Pack Governance, Versioning, Evals & Self-Improvement",Prompt-regression benchmark,Regression,QA_GATES.md,"Maintain scored benchmark prompts representing websites, apps, documents, strategy, operations, regulated domains, ambiguous businesses, and asset-heavy tasks.",controls/25-pack-governance-versioning-evals-and-self-improvement.md,controls.capability.prompt-regression-benchmark,control.bq-0990
BQ-0991,P0,"25. Pack Governance, Versioning, Evals & Self-Improvement",Failure-postmortem loop,Contract,QA_GATES.md / README.md,Require failed real-world tests to produce a root-cause category and a pack-level corrective action rather than a one-off artifact patch.,controls/25-pack-governance-versioning-evals-and-self-improvement.md,controls.capability.failure-postmortem-loop,control.bq-0991
BQ-0992,P0,"25. Pack Governance, Versioning, Evals & Self-Improvement",Failure-postmortem loop,Procedure,QA_GATES.md / README.md,Require failed real-world tests to produce a root-cause category and a pack-level corrective action rather than a one-off artifact patch.,controls/25-pack-governance-versioning-evals-and-self-improvement.md,controls.capability.failure-postmortem-loop,control.bq-0992
BQ-0993,P0,"25. Pack Governance, Versioning, Evals & Self-Improvement",Failure-postmortem loop,Evidence Gate,QA_GATES.md / README.md,Require failed real-world tests to produce a root-cause category and a pack-level corrective action rather than a one-off artifact patch.,controls/25-pack-governance-versioning-evals-and-self-improvement.md,controls.capability.failure-postmortem-loop,control.bq-0993
BQ-0994,P0,"25. Pack Governance, Versioning, Evals & Self-Improvement",Failure-postmortem loop,Recovery,QA_GATES.md / README.md,Require failed real-world tests to produce a root-cause category and a pack-level corrective action rather than a one-off artifact patch.,controls/25-pack-governance-versioning-evals-and-self-improvement.md,controls.capability.failure-postmortem-loop,control.bq-0994
BQ-0995,P0,"25. Pack Governance, Versioning, Evals & Self-Improvement",Failure-postmortem loop,Regression,QA_GATES.md / README.md,Require failed real-world tests to produce a root-cause category and a pack-level corrective action rather than a one-off artifact patch.,controls/25-pack-governance-versioning-evals-and-self-improvement.md,controls.capability.failure-postmortem-loop,control.bq-0995
BQ-0996,P1,"25. Pack Governance, Versioning, Evals & Self-Improvement",Rule-pruning discipline,Contract,MANIFEST.md / README.md,"Periodically remove redundant, low-value, obsolete, or unenforceable instructions so added quality does not create context bloat and contradiction.",controls/25-pack-governance-versioning-evals-and-self-improvement.md,controls.capability.rule-pruning-discipline,control.bq-0996
BQ-0997,P1,"25. Pack Governance, Versioning, Evals & Self-Improvement",Rule-pruning discipline,Procedure,MANIFEST.md / README.md,"Periodically remove redundant, low-value, obsolete, or unenforceable instructions so added quality does not create context bloat and contradiction.",controls/25-pack-governance-versioning-evals-and-self-improvement.md,controls.capability.rule-pruning-discipline,control.bq-0997
BQ-0998,P1,"25. Pack Governance, Versioning, Evals & Self-Improvement",Rule-pruning discipline,Evidence Gate,MANIFEST.md / README.md,"Periodically remove redundant, low-value, obsolete, or unenforceable instructions so added quality does not create context bloat and contradiction.",controls/25-pack-governance-versioning-evals-and-self-improvement.md,controls.capability.rule-pruning-discipline,control.bq-0998
BQ-0999,P1,"25. Pack Governance, Versioning, Evals & Self-Improvement",Rule-pruning discipline,Recovery,MANIFEST.md / README.md,"Periodically remove redundant, low-value, obsolete, or unenforceable instructions so added quality does not create context bloat and contradiction.",controls/25-pack-governance-versioning-evals-and-self-improvement.md,controls.capability.rule-pruning-discipline,control.bq-0999
BQ-1000,P1,"25. Pack Governance, Versioning, Evals & Self-Improvement",Rule-pruning discipline,Regression,MANIFEST.md / README.md,"Periodically remove redundant, low-value, obsolete, or unenforceable instructions so added quality does not create context bloat and contradiction.",controls/25-pack-governance-versioning-evals-and-self-improvement.md,controls.capability.rule-pruning-discipline,control.bq-1000
